appendix,cluster,journal_number,journal_title,founder,specialties,source_page
1,Національна безпека та оборона,1,Безпека інформації Ukrainian Scientific Journal of Information Security,Національний університет «Київський авіаційний інститут»,Е5,3
1,Національна безпека та оборона,2,Journal of Scientific Papers Social Development and Security,Громадська організація «Українська наукова спільнота»,"K1, K2, K3, K4, K5, К6, K7, K10, F5",3
1,Національна безпека та оборона,3,Право і безпека Law and Safety,Харківський національний університет внутрішніх справ,"K9, F5",3
1,Національна безпека та оборона,4,Збірник наукових праць Державного науково-дослідного інституту випробувань і сертифікації озброєння та військової техніки Scientific works of State Sientific Research Institute ofArmament and Military Equipment Testing and Certification,Державний науково-дослідний інститут випробувань і сертифікації озброєння та військової техніки,"K5, K6, K7, K8, K9, K10, F5",3
1,Національна безпека та оборона,5,Наука і техніка Повітряних Сил Збройних Сил України Science and Technology ofthe Air Force of Ukraine,Харківський національний університет Повітряних Сил імені Івана Кожедуба,"КА, К5, К6, K7, F5",3
1,Національна безпека та оборона,6,Системи озброєння 1 військова техніка Systems ofArms and Military Equipment,Харківський національний університет Повітряних Сил імені Івана Кожедуба,"КА, К5, K6, К7, F5",3
1,Національна безпека та оборона,7,Військово-технічний збірник,Національна академія сухопутних військ імені гетьмана Петра Сагайдачного,K7,3
1,Національна безпека та оборона,8,Пожежна безпека,Львівський державний університет безпеки життєдіяльності,K8&,3
1,Національна безпека та оборона,9,Випробування та сертифікація Testing and Certification,Державний науково-дослідний інститут випробувань і сертифікації озброєння та військової техніки,K7,3
1,Національна безпека та оборона,10,Військова наука Military Science,Центральний науково-дослідний інститут Збройних Сил України,"K3, К4, К5, К6, K7, K10, F5",3
1,Національна безпека та оборона,11,Збірник наукових праць Харківського національного університету Повітряних Сил Scientific Works ofKharkiv National Air Force University,Харківський національний університет Повітряних Сил імені Івана Кожедуба,"K3, К4, К5, К6, K7, F5",4
1,Національна безпека та оборона,12,Озброєння та військова техніка,Центральний науково-дослідний інститут озброєння та військової техніки Збройних Сил України,"K3, K7, F5",4
1,Національна безпека та оборона,13,Збірник наукових праць Державного науково-дослідного інституту авіації,Державний науково-дослідний інститут авіації,"K3, К5, K6, K7",4
1,Національна безпека та оборона,14,Науковий вісник Київського інституту Національної гвардії України,Київський інститут Національної гвардії України,"К1, К5, К6, K7, K9",4
1,Національна безпека та оборона,15,Збірник наукових праць Національної академії Державної прикордонної служби України. Серія: військові та технічні науки,Національна академія Державної прикордонної служби України імені Богдана Хмельницького (військова частина 9960),"К1, К2, К3, К4, К5, K6, K7, K10",4
1,Національна безпека та оборона,16,Збірник наукових праць Національної академії Національної гвардії України,Національна академія Національної гвардії України,"K6, K7, F5",4
1,Національна безпека та оборона,17,Наука і правоохорона,Національна академія внутрішніх справ,К9,4
1,Національна безпека та оборона,18,Проблеми надзвичайних ситуацій,Національний університет цивільного захисту України,"K8, K10",4
1,Національна безпека та оборона,19,Безпека держави,Національна академія національної гвардії України,"К1, К2, K3, K4",4
1,Національна безпека та оборона,20,Законікордон,Національна академія Державної прикордонної служби України їмені Богдана Хмельницького (військова частина 9960),K9,4
1,Національна безпека та оборона,21,"Інформаційна безпекалюдини, суспільства, держави",Національна академія Служба безпеки України,"К1, K3, K4, К9, F5",4
1,Національна безпека та оборона,22,Наука і оборона Science and Defence,Національний університет оборони України,"K3, K5, К6, К7, К9, K10, Е5",4
1,Національна безпека та оборона,23,Науковий вісник Дніпровського державного університету внутрішніх справ Scientific Bulletin ofDnipro State University ofInternal Affairs,Дніпровський державний університет внутрішніх справ,K9,4
1,Національна безпека та оборона,24,Науковий вісник: Цивільний захист та пожежна безпека,Національний університет цивільного захисту України,"K8, K10",4
1,Національна безпека та оборона,25,Повітряна міць України Air Power ofUkraine,Національний університет оборони України,"К5, K7, K10",4
1,Національна безпека та оборона,26,"Проблеми створення, випробування, застосування Ta експлуатації складних інформаційних систем",Житомирський військовий інститут імені С. П. Корольова,"КА, K6, K7, F5",4
1,Національна безпека та оборона,27,Суспільство та безпека Society and Security,Державний університет «Житомирська політехніка» Науково-методичний центр кадрової політики Міністерства оборони України,"К1, K3, K4, К9",5
1,Національна безпека та оборона,28,"Українська поліцеїстика: теорія, законодавство, практика Ukrainian polyceistics: theory, legislation, practice",Донецький державний університет внутрішніх справ,"K9, K10",5
1,Національна безпека та оборона,29,Честь i 3aKOH,Національна академія національної гвардії України,"К1, К5, K6, К7, K9",5
1,Національна безпека та оборона,30,Збірник наукових праць Військового інституту Київського національного університету імені Тараса Шевченка Collection ofscientific works of the Military institute ofTaras Shevchenko National University ofKyiv,Київський національний університет імені Тараса Шевченка,"К1, K2, К3, K4, K5, K6, K7, F5",5
1,Національна безпека та оборона,31,Збірник наукових праць Військової академії (м. Одеса),Військова академія (м. Одеса),"KS, K6, К7, F5",5
1,Національна безпека та оборона,32,Збірник наукових праць Центру воєнно-стратегічних досліджень Національного університету оборони України Collection ofthe Scientific Papers Center for Military and Strategic Studies ofthe National Defense University ofUkraine,Національний університет оборони України,"K3, К5, К6, F5",5
1,Національна безпека та оборона,33,Морська безпека та оборона Maritime Security and Defense,Інститут Військово-Морських Сил Національного університету «Одеська морська академія»,"КА, К5, К6, К7, K9",5
1,Національна безпека та оборона,34,Науковий вісник Львівського державного університету внутрішніх справ. Серія юридична Scientific Journal ofLviv State University of Internal Affairs. Law,Львівський державний університет внутрішніх справ,K9,5
1,Національна безпека та оборона,35,Проблеми охорони праці в Україні,Державна установа «Національний науково-дослідний інститут промислової безпеки та охорони праці»,K10,5
2,Математика та статистика,1,Статистика України Statistics of Ukraine,"Національна академія статистики, обліку Ta аудиту",Е8,6
2,Математика та статистика,2,"Вісник Харківського національного університету імені В. Н. Каразіна. Серія «Математика, прикладна математика і механіка» Visnyk ої У. М. Karazin Kharkiv National University. Ser. Mathematics, Applied Mathematics and Mechanics",Харківський національний університет імені В. Н. Каразіна,"Е7, K1",6
2,Математика та статистика,3,Вісник Національного технічного університету «ХПІ». Серія: Динаміка та міцність машин Bulletin of the National Technical University «КЕРІ». Series: Dynamics and Strength of Machines,Національний технічний університет «Харківський політехнічний інститут»,"Е8, F1",6
2,Математика та статистика,4,"Міжнародний науково-технічний журнал ""Проблеми керування та інформатики"" International scientific technical journal «Pproblems of control and informatics»",Інститут кібернетики імені В. М. Глушкова Національної академії наук України Національна академія наук України,F1,6
2,Математика та статистика,5,Computer Science and Applied Mathematics Комп'ютерні науки та прикладна математика,Запорізький національний університет,F1,6
2,Математика та статистика,6,"Математика, інформатика, фізика: наука та освіта",Вінницький державний педагогічний університет імені Михайла Коцюбинського,"E7, F1",6
2,Математика та статистика,7,Сучасні проблеми моделювання»,Мелітопольський державний педагогічний університет імені Богдана Хмельницького,Fl,6
2,Математика та статистика,8,Буковинський математичний журнал Bucovinian Mathematical Journal,Чернівецький національний університет імені Юрія Федьковича,"E7, E8, К1",7
2,Математика та статистика,9,Праці Інституту прикладної математики і механіки Національної академії наук України,Інститут прикладної математики і механіки Національної академії каук України Національна академія наук України,"E7, F1",7
2,Математика та статистика,10,Науковий вісник Ужгородського університету. Серія: Математикаі інформатика Scientific Bulletin of Uzhhorod University. Series of Mathematics and Informatics,Державний вищий навчальний заклад «Ужгородський національний університет»,"E7, E8, K1",7
2,Математика та статистика,11,Вісник Національного технічного університету «ХПІ». Серія: Математичне моделюванняв техніці та технологіях Bulletin of the National Technical University «KhPI». Series: Mathematical Modeling in Engineering and Technologies,Національний технічний університет «Харківський політехнічний інститут»,"E7, Е8, Fl",7
2,Математика та статистика,12,Дослідження в математиці і механіці Researches in Mathematics and Mechanics,Одеський національний університет імені І. І. Мечникова,"E7, К1",7
2,Математика та статистика,13,Могилянський математичний журнал,Національний університет «Києво-Могилянська академія»,"E7, Fl",7
2,Математика та статистика,14,Прикарпатський вісник Наукового товариства імені Шевченка. Число,Івано-Франківський національний технічний університет нафти і газу Івано-Франківський осередок Наукового товариства ім. Шевченка Карпатський національний університет імені Василя Стефаника,"E7, E8, K1",7
2,Математика та статистика,15,Питання прикладної математики і математичного моделювання Problems of applied mathematics and mathematical modeling,Дніпровський національний університет імені Олеся Гончара,К1,7
2,Математика та статистика,16,Фізико-математичне моделювання та інформаційні технології Physico-mathematical modelling and informational technologies,Інститут прикладних проблем механіки і математики ім. Я. С. Підстригача НАН України,"E7, K1",7
2,Математика та статистика,17,Вісник Львівського університету. Серія механіко-математична Visnyk of the Lviv University. Series Mechanics and Mathematics,Львівський національний університет імені Івана Франка,"E7, E8, F1",8
2,Математика та статистика,18,Механіка та математичні методи Mechanics and Mathematical Methods,Одеська державна академія будівництва та архітектури,"E7, K1",8
2,Математика та статистика,19,У світі математики,Київський національний університет імені Тараса Шевченка,"E7, Е8",8
3,"Фізика, ядерна фізика та астрономія",1,Одеські астрономічні публікації Odesa Astronomical Publications,Одеський національний університет імені І. I. Мечникова,E5,9
3,"Фізика, ядерна фізика та астрономія",2,Вісник Харківського національного університету імені В. Н. Каразіна. Серія «Фізика» Journal of У. М. Karazin Kharkiv National University. Series Physics,Харківський національний університет імені В. Н. Каразіна,E5,9
3,"Фізика, ядерна фізика та астрономія",3,Сенсорна електроніка і мікросистемні технології Sensor Electronics and Microsystem Technologies,Одеський національний університет імені І. І. Мечникова,"E5, E6",9
3,"Фізика, ядерна фізика та астрономія",4,Вісник Київського національного університету імені Тараса Шевченка. Астрономія Bulletin of Taras Shevchenko National University of Kyiv. Astronomy,Київський національний університет імені Тараса Шевченка,"E5, E6",9
3,"Фізика, ядерна фізика та астрономія",5,Вісник Харківського національного університету імені В. Н. Каразіна. Серія «Радіофізика та електроніка» Visnyk of У. М. Karazin Kharkiv National University. Series Radiophysics and Electronics,Харківський національний університет імені В. Н. Каразіна,"E5, E6",9
3,"Фізика, ядерна фізика та астрономія",6,Journal of Physics and Electronics,Дніпровський національний університет імені Олеся Гончара,"E5, E6",9
3,"Фізика, ядерна фізика та астрономія",7,Вісник Львівського університету. Серія фізична Visnyk of the Lviv University. Series Physics,Львівський національний університет імені Івана Франка,"E5, E6",9
3,"Фізика, ядерна фізика та астрономія",8,Фізика аєродисперсних систем Physics ої Aerodisperse Systems,Одеський національний університет імені I. І. Мечникова,"E5, E6",9
3,"Фізика, ядерна фізика та астрономія",9,Вісник Черкаського університету. Серія Фізико-математичні науки Bulletin ої Cherkasy University. Series «Physics and Mathematics»,Черкаський національний університет імені Богдана Хмельницького,"E5, E6",10
4,"Хімія, хімічні технології та фармація",1,Фармацевтичний журнал Farmatsevtychnyi zhurnal,Національний фармацевтичний університет ДП «Державний експертний центр МОЗ України» ДП «Державний науковий центр лікарських засобів і медичної продукції»,І8,11
4,"Хімія, хімічні технології та фармація",2,"Вісник Харківського національного університету імені В. Н. Каразіна. Серія «Хімія» УМ, М. Karazin Kharkiv National University Bulletin, Chemical Series",Харківський національний університет імені В. Н. Каразіна,ЕЗ,11
4,"Хімія, хімічні технології та фармація",3,Каталіз та нафтохімія Catalysis and petrochemistry,Інститут біоорганічної хімії та нафтохімії im. В.П. Кухаря HAH України Національний університет «Львівська політехніка»,"E3, G1",11
4,"Хімія, хімічні технології та фармація",4,Ukrainica Bioorganica Acta,Інститут біоорганічної хімії та нафтохімії ім. В.П. Кухаря НАН України Інститут молекулярної біології генетики НАН України,ЕЗ і,11
4,"Хімія, хімічні технології та фармація",5,Український хімічний журнал Ukrainian Chemistry Journal,Інститут загальної та неорганічної хімії ім. В. І. Вернадського НАН України Національна академія наук України,ЕЗ,11
4,"Хімія, хімічні технології та фармація",6,Проблеми хімії та сталого розвитку,Волинський національний університет імені Лесі Українки,ЕЗ,11
4,"Хімія, хімічні технології та фармація",7,Журнал органічної та фармацевтичної хімії Journal of organic and pharmaceutical chemistry,Інститут органічної хімії НАН України Національна академія наук України Національний фармацевтичний університет,"ЕЗ, ІЗ",11
4,"Хімія, хімічні технології та фармація",8,"Хімія, технологія речовин та їх застосування Chemistry, Technology апа Application of Substances",Національний університет «Львівська політехніка»,"ЕЗ, G1, І8",12
4,"Хімія, хімічні технології та фармація",9,Наукові дослідження з вогнетривів та технічної кераміки. Збірник наукових праць Scientific research on refractories and technical ceramics. Collection of scientific papers,АТ «Український науково-дослідний інститут вогнетривів імені А. С. Бережного» Національний технічний університет «Харківський політехнічний інститут»,G1,12
4,"Хімія, хімічні технології та фармація",10,Технології Ta інжиніринг Technologies and Engineering,Київський національний університет технологій Ta дизайну,"G1, 18",12
4,"Хімія, хімічні технології та фармація",11,Вода і водоочисні технології. Науково-технічні вісті,Національний технічний університет України «Київський політехнічний інститут імені Ігоря Сікорського»,"ЕЗ, С1",12
4,"Хімія, хімічні технології та фармація",12,Вісник Львівського університету. Серія хімічна Visnyk of the Lviv University. Series Chemistry,Львівський національний університет імені Івана Франка,ЕЗ,12
4,"Хімія, хімічні технології та фармація",13,Фармацевтичний часопис Pharmaceutical Review,Тернопільський національний медичний університет імені І. Я. Горбачевського МОЗ України,І8,12
4,"Хімія, хімічні технології та фармація",14,Health and Education Здоров'я та освіта,Комунальний заклад вищої освіти «Рівненська медична академія» Рівненської обласної ради,"E3, І8",12
4,"Хімія, хімічні технології та фармація",15,Полімерний журнал Polymer journal,Інститут хімії високомолекулярних сполук НАН України Національна академія наук України,ЕЗ,12
4,"Хімія, хімічні технології та фармація",16,Актуальні питання фармацевтичної і медичної науки та практики Current issues in pharmacy and medicine: science and practice,Запорізький державний медико-фармацевтичний університет,"ЕЗ, ІЗ",12
4,"Хімія, хімічні технології та фармація",17,Поверхня Surface Poverhnia,Інститут хімії поверхні ім. О. O. Чуйка HAH України,"E3, G1",12
4,"Хімія, хімічні технології та фармація",18,Вісник Одеського національного університету. Хімія Odesa National University Herald. Chemistry,Одеський національний університет імені І. І. Мечникова,ЕЗ,12
4,"Хімія, хімічні технології та фармація",19,Вісник Київського національного університету імені Тараса Шевченка. Хімія Bulletin of Taras Shevchenko National University of Kyiv. Chemistry,Київський національний університет імені Тараса Шевченка,ЕЗ,13
4,"Хімія, хімічні технології та фармація",20,Соціальна фармація охороні в здоров'я Social Pharmacy in Health Care,Національний фармацевтичний університет,I8,13
4,"Хімія, хімічні технології та фармація",21,Праці наукового товариства імені Шевченка. Хімічнінауки,Західний науковий центр НАН Україниі МОН України Наукове товариство ім. Шевченка,ЕЗ,13
4,"Хімія, хімічні технології та фармація",22,Науковий вісник Ужгородського національного університету. Серія: Хімія Scientific Bulletin of the Uzhhorod University. Series Chemistry,ДВНЗ «Ужгородський національний університет»,ЕЗ,13
4,"Хімія, хімічні технології та фармація",23,Chemistry of Metals and Alloys Хімія металів і сплавів,Львівський національний університет імені Івана Франка,ЕЗ,13
5,Науки про Землю та навколишнє середовище,1,Ландшафтознавство,Вінницький державний педагогічний університет імені Михайла Коцюбинського,E4,14
5,Науки про Землю та навколишнє середовище,2,Людина довкілля. Проблеми та неоекології Man and Environment. Issues ої Neoecology,Харківський національний університет імені В. Н. Каразіна,"Е2, БА",14
5,Науки про Землю та навколишнє середовище,3,Екологічна безпека Ta збалансоване ресурсокористування Ecological Safety and Balanced Use of Resources,Івано-Франківський національний технічний університет нафти і газу,"E4, Е2",14
5,Науки про Землю та навколишнє середовище,4,Екологічний вісник Криворіжжя Ecological Bulletin of Kryvyi Rih District,Криворізький державний педагогічний університет,"E2, E4",14
5,Науки про Землю та навколишнє середовище,5,Вісник Львівського державного університету безпеки життєдіяльності,Львівський державний університет безпеки життєдіяльності,Е2,14
5,Науки про Землю та навколишнє середовище,6,Вісник Харківського національного університету імені В. Н. Каразіна. Серія «Екологія» Visnyk ої У. М. Karazin Kharkiv National University. Series Ecology,Харківський національний університет імені В. Н. Каразіна,"Е2, БА",14
5,Науки про Землю та навколишнє середовище,7,Український журнал дистанційного зондування Землі Ukrainian Journal ої Remote Sensing,Державна установа «Науковий центр аерокосмічних досліджень Землі Інституту геологічних наук Національної академії наук України»,"Е2, E4",14
5,Науки про Землю та навколишнє середовище,8,Конструктивна географія та раціональне використання природних ресурсів Constructive Geography and Rational Use of Natural Resources,Київський національний університет імені Тараса Шевченка,"Е2, БА",15
5,Науки про Землю та навколишнє середовище,9,Проблеми безперервної географічної освіти i картографії Problems of Continuous Geographic Education and Cartography,Харківський національний університет імені В. Н. Каразіна,"E2, E4",15
5,Науки про Землю та навколишнє середовище,10,Агроекологічний журнал,Інститут агроекології і природокористування Національної академії аграрних наук України Державна установа «Інститут охорони грунтів України» Всеукраїнська громадська організація «Асоціація агроекологів України»,"E2, E4",15
5,Науки про Землю та навколишнє середовище,11,Український гідрометеорологічний журнал Ukrainian Hydrometeorological Journal,Одеський національний університет імені I. І. Мечникова,"E2, E4",15
5,Науки про Землю та навколишнє середовище,12,GEO&BIO,Національний науково-природничий музей Національної академії наук України,"Е2, БА",15
5,Науки про Землю та навколишнє середовище,13,Мінералогічний збірник Mineralogical Collection,Львівський національний університет імені Івана Франка,E4,15
5,Науки про Землю та навколишнє середовище,14,Ecology апа noospherology,Дніпровський національний університет імені Олеся Гончара,"E2, E4",15
5,Науки про Землю та навколишнє середовище,15,Питання степового лісознавства та лісової рекультивації земель Issues of steppe forestry and forest reclamation of soils,Дніпровський національний університет імені Олеся Гончара,"E2, E4",15
5,Науки про Землю та навколишнє середовище,16,Проблеми геоморфології i палеогеографії Українських Карпат і прилеглих територій Problems ої Geomorphology and Paleogeography of the Ukrainian Carpathians and Adjacent Areas,Львівський національний університет імені Івана Франка,E4,15
5,Науки про Землю та навколишнє середовище,17,Геохімія техногенезу Geochemistry of Technogenesis,Державна установа «Інститут геохімії навколишнього середовища Національної академії наук України» Національна академія наук України,E4,16
5,Науки про Землю та навколишнє середовище,18,Метеорологія. Гідрологія. Моніторинг довкілля. Meteorology. Hydrology. Environmental monitoring,Український гідрометеорологічний інститут Державної служби України з надзвичайних ситуацій Ta Національної академії наук України,E4,16
5,Науки про Землю та навколишнє середовище,19,Слобожанський науковий вісник. Серія: Природничі науки Sloboda Scientific Journal. Natural Sciences,Сумський державний педагогічний університет імені А. С. Макаренка,"E4, Е2",16
5,Науки про Землю та навколишнє середовище,20,Наукові записки Тернопільського національного педагогічного університету імені Володимира Гнатюка. Серія: географія.,Тернопільський національний педагогічний університет імені Володимира Гнатюка,"Е2, E4",16
5,Науки про Землю та навколишнє середовище,21,Геолого-мінералогічний вісник Криворізького національного університету,Криворізький національний університет,"E2, E4",16
5,Науки про Землю та навколишнє середовище,22,Палеонтологічний збірник Paleontological Collection,Львівський національний університет імені Івана Франка,F4,16
5,Науки про Землю та навколишнє середовище,23,Наукові записки Державного природознавчого музею,Державний природознавчий музей НАН України,Е2,16
5,Науки про Землю та навколишнє середовище,24,Вісник Одеського національного університету. Географічні та геологічні науки Odesa National University Herald. Geography & Geology,Одеський національний університет імені І. І. Мечникова,E4,16
5,Науки про Землю та навколишнє середовище,25,Геологія і геохімія горючих копалин Scientific journal «Geology and geochemistry of Combustible Minerals»,Інститут геології і геохімії горючих копалин HAH України Національна академія наук України,F4,16
5,Науки про Землю та навколишнє середовище,26,Збірник наукових праць Інституту геологічних наук НАН України Collection of Scientific Works of the Institute of Geological Sciences of the NAS of Ukraine,Інститут геологічних наук НАН України,Е4,17
5,Науки про Землю та навколишнє середовище,27,Вісник Львівського університету. Серія геологічна Visnyk of the Lviv University. Series Geology,Львівський національний університет імені Івана Франка,F4,17
5,Науки про Землю та навколишнє середовище,28,Екологічні науки Environmental Sciences,"Державна наукова установа «Інститут екологічного відновлення та розвитку України» Міністерство економіки, довкілля та сільського господарства України","E2, E4",17
5,Науки про Землю та навколишнє середовище,29,Фізична географія та геоморфологія Physical Geography and Geomorphology,Київський національний університет імені Тараса Шевченка,F4,17
6,"Біологія, біотехнології, медицина та реабілітація",1,Аннали Мечниковського Інституту,Державна установа «Інститут мікробіології та імунології ім. 1.1. Мечникова Національної академії медичних наук України»,"І2, 16, G21",18
6,"Біологія, біотехнології, медицина та реабілітація",2,International Journal of Medicine and Medical Research,Тернопільський національний медичний університет імені І. Я. Горбачевського Міністерства охорони здоров'я України,"12, El",18
6,"Біологія, біотехнології, медицина та реабілітація",3,Biota. Human. Technology,Національний університет «Чернігівський колегіум» імені Т. Г. Шевченка,"E1, G21, І9",18
6,"Біологія, біотехнології, медицина та реабілітація",4,Acta Biologica Ukrainica,Запорізький національний університет,"ЕІ, G21",18
6,"Біологія, біотехнології, медицина та реабілітація",5,Інфузія & Хіміотерапія Infusion & Chemotherapy,"Державна установа «Національний науковий центр фтизіатрії, пульмонологіїта алергології імені Ф. Г. Яновського Національної академії медичних наук України» Громадська Спілка «Асоціація з інтенсивного лікування інфекційних захворювань»","[2, 13, 16, 17, G21",18
6,"Біологія, біотехнології, медицина та реабілітація",6,Inter Collegas,Харківський національний медичний університет,"11, І2, ІЗ, 14, IS, І6, 17, 19 El, G21, G22",18
6,"Біологія, біотехнології, медицина та реабілітація",7,"Біль, знеболення інтенсивна та терапія Pain, anaesthesia and intensive саге",Громадська організація «Українська асоціація анестезіології та інтенсивної терапії» Національний медичний університет імені О.О. Богомольця,І2,19
6,"Біологія, біотехнології, медицина та реабілітація",8,Біологія тварин The Animal Biology,Інститут біології тварин Національної академії аграрних наук України,"ЕІ, G21",19
6,"Біологія, біотехнології, медицина та реабілітація",9,Вісник Харківського національного університету імені В. Н. Каразіна. Серія «Біологія» The Journal of У. N. Karazin Kharkiv National University. Series Biology,Харківський національний університет імені В.Н. Каразіна,"El, G21",19
6,"Біологія, біотехнології, медицина та реабілітація",10,Альгологія Algologia,Інститут ботаніки ім. М. Г. Холодного Національної академії наук України,El,19
6,"Біологія, біотехнології, медицина та реабілітація",11,Українська Інтервенційна Нейрорадіологія та Хірургія Ukrainian Interventional Neuroradiology and Surgery,Громадська організація Всеукраїнська асоціація ендоваскулярної нейрорентгенохірургії» Державна установа «Науково-Практичний Центр Ендоваскулярної Нейрорентгенохірургії НАМН України» Національний університет охорони здоров'я України імені П.Л. Шупика,"12, 13, 14, 16,17, 19",19
6,"Біологія, біотехнології, медицина та реабілітація",12,Вісник Київського національного університету імені Тараса Шевченка. Біологія Bulletin of Taras Shevchenko National University of Kyiv. Biology,Київський національний університет імені Тараса Шевченка,El,19
6,"Біологія, біотехнології, медицина та реабілітація",13,Журнал Прикарпатського національного університету імені Василя Стефаника. Біологія Journal of Vasyl Stefanyk Precarpathian National University. Bilology,Карпатський національний університет імені Василя Стефаника,"El, G21",20
6,"Біологія, біотехнології, медицина та реабілітація",14,Медична наука України,Національний медичний університет імені О. O. Богомольця,"Ii, 12, 13,14, 16,17, 19, El",20
6,"Біологія, біотехнології, медицина та реабілітація",15,Фактори експериментальної еволюції організмів Factors in experimental evolution of organisms,Інститут молекулярної біологіїі генетики НАН України Всеукраїнська громадська організація «Українське товариство генетиків і селекціонерів ім. М. І. Вавилова»,"El, G21",20
6,"Біологія, біотехнології, медицина та реабілітація",16,"Біорізноманіття, екологія та експериментальна біологія Biodiversity, ecology and experimental biology",Харківський національний педагогічний університет імені Г. С. Сковороди,El,20
6,"Біологія, біотехнології, медицина та реабілітація",17,Український науково-медичний молодіжний (УНММЖ) журнал,Національний медичний університет імені О. О. Богомольця,"Il, І2, 13, 14, 16, І7, І9",20
6,"Біологія, біотехнології, медицина та реабілітація",18,Вісник Вінницького національного медичного університету,Вінницький національний медичний університет ім. М. І. Пирогова,"I], 12, ІЗ, 14, 15, 16,17, 19, El, G21, С22",20
6,"Біологія, біотехнології, медицина та реабілітація",19,Наукові записки НаУКМА. Біологія і екологія,Національний університет «Києво-Могилянська академія»,El,20
6,"Біологія, біотехнології, медицина та реабілітація",20,Міжнародний неврологічний журнал International Journal of Neurology,Заславський Олександр Юрійович,І2,20
6,"Біологія, біотехнології, медицина та реабілітація",21,Biotechnologia Acta,Інститут біохімії im. O. В. Палладіна Національної академії наук України Національна академія наук України,G21,20
6,"Біологія, біотехнології, медицина та реабілітація",22,Астма та алергія,"Державна установа «Національний науковий центр фтизіатрії, пульмонологіїта алергології імені Ф. Г. Яновського Національної академії медичних наук України»","І2, 13, 16, І7",21
6,"Біологія, біотехнології, медицина та реабілітація",23,Вісник медичних і біологічних досліджень Bulletin of Medical and Biological Research,Тернопільський національний медичний університет імені І. Я. Горбачевського Міністерства охорони здоров'я України,"І2, 15, El",21
6,"Біологія, біотехнології, медицина та реабілітація",24,Морфологія,"Дніпровський державний медичний університет Всеукраїнська громадська організація «Наукове товариство анатомів, гістологів, ембріологів та топографоанатомів України»","I], 12, 16, El",21
6,"Біологія, біотехнології, медицина та реабілітація",25,Journal of Native and Alien Plant Studies,Національний дендрологічний парк «Софіївка» HAH України,"E1, G21",21
6,"Біологія, біотехнології, медицина та реабілітація",26,Фізіологія рослин і генетика Plant Physiology and Genetics,Інститут фізіології рослин і генетики Національної академії наук України Національна академія наук України,"E1, G21",21
6,"Біологія, біотехнології, медицина та реабілітація",27,Terra Orthopaedica,Державна установа «Інститут травматології та ортопедії Національної академії медичних наук України»,І2,21
6,"Біологія, біотехнології, медицина та реабілітація",28,"Вісник Черкаського університету, серія «Біологічні науки» Cherkasy University Bulletin: Biological Sciences Series",Черкаський національний університет імені Богдана Хмельницького,El,21
6,"Біологія, біотехнології, медицина та реабілітація",29,Архів клінічної медицини Archive of clinical medicine,Івано-Франківський національний медичний університет,"12, ІЗ",21
6,"Біологія, біотехнології, медицина та реабілітація",30,Вісті Харківського ентомологічного товариства The Kharkiv Entomological Society Gazette,Харківське ентомологічне товариство Державний Біотехнологічний університет,El,21
6,"Біологія, біотехнології, медицина та реабілітація",31,Чорноморський ботанічний журнал Chornomorski Botanical Journal,Херсонський державний університет,El,22
6,"Біологія, біотехнології, медицина та реабілітація",32,Збірник наукових праць Асоціації акушерів-гінекологів України Scientific Digest ofAssociation of Obstetricians and Gynaecologists of Ukraine,Національний університет охорони здоров'я України імені П. Л. Шупика Громадська організація «Асоціація акушерів-гінекологів України»,"І2, ІЗ",22
6,"Біологія, біотехнології, медицина та реабілітація",33,Імунологія та алергологія: наука i практика,Державна установа «Інститут урології імені академіка О. Ф. Возіанова Національної академії медичних наук України»,"І2, 17, El",22
6,"Біологія, біотехнології, медицина та реабілітація",34,Український журнал сучасних проблем токсикології,"Державне підприємство «Науковий центр превентивної токсикології, харчової та хімічної безпеки імені академіка Л. І. Медведя Міністерства охорони здоров'я України»","Е1,І2",22
6,"Біологія, біотехнології, медицина та реабілітація",35,Психосоматична медицина та загальна практика,Національний медичний університет імені О. О. Богомольця,"12, 14",22
6,"Біологія, біотехнології, медицина та реабілітація",36,Біологічні системи: теорія та інновації Biological Systems: Theory and Innovation,Неціональний університет біоресурсів і природокористування України,"El, G21",22
6,"Біологія, біотехнології, медицина та реабілітація",37,Львівський медичний часопис,Державне некомерційне підприємство «Львівський національний медичний університет імені Данила Галицького»,"І2, 13, 14, 16, І7, І9, El",22
6,"Біологія, біотехнології, медицина та реабілітація",38,Acta Carpathica Карпатський журнал,Дрогобицький державний педагогічний університет імені Ївана Франка,"Е1, G21",22
6,"Біологія, біотехнології, медицина та реабілітація",39,Природничий альманах (біологічні науки) Scientific Bulletin of Natural Sciences (Biological Sciences),Херсонський державний університет,Е1,22
6,"Біологія, біотехнології, медицина та реабілітація",40,Науковий вісник Ужгородського університету. Серія: Біологія Scientific Bulletin of the Uzhhorod University. Series: Biology,Державний вищий навчальний заклад «Ужгородський національний університет»,"El, G21, G22",23
6,"Біологія, біотехнології, медицина та реабілітація",41,Український вісник психоневрології,"Державна установа «Інститут неврології, психіатрії та наркології ім. П. В. Волошина Національної академії медичних наук України» Громадська організація «Асоціація неврологів, психіатрів і наркологів України»",І2,23
6,"Біологія, біотехнології, медицина та реабілітація",42,Харківська хірургічна школа Kharkiv surgical school,Державна установа «Інститут загальної та невідкладної хірургії імені В. Т. Зайцева НАМН України»,"12, 16, І7",23
6,"Біологія, біотехнології, медицина та реабілітація",43,Клінічна стоматологія Clinical Dentistry,Тернопільський національний медичний університет імені І. Я. Горбачевського Міністерства охорони здоров'я України,I],23
6,"Біологія, біотехнології, медицина та реабілітація",44,Український журнал серця Ukrainian Heart Journal,"Національний університет охорони здоров'я України імені П. Л. Шупика Державне некомерційне підприємство «Інститут серця Міністерства охорони здоров'я України» Всеукраїнська громадська організація «Всеукраїнська асоціація фахівців з аритмології та електрофізіології серця» ГО «Всеукраїнська асоціація фахівців з кардіоторакальної, ендоваскулярної хірургії та трансплантології»","12, 16, 17",23
6,"Біологія, біотехнології, медицина та реабілітація",45,Експериментальнаі клінічна медицина Experimental and Clinical Medicine,Харківський національний медичний Університет,"11, 12, ІЗ, 14, 15, 16, 17, 19 El, G21, G22",23
6,"Біологія, біотехнології, медицина та реабілітація",46,Проблеми екології та медицини,Полтавський державний медичний університет,"П, І2, ІЗ, 16, 17, І9, E1, G21, G22",24
6,"Біологія, біотехнології, медицина та реабілітація",47,Стоматологічне та загальне здоров'я Oral and General Healht,Національний університет охорони здоров'я України імені Il. JI. Шупика,"П, 12",24
6,"Біологія, біотехнології, медицина та реабілітація",48,Вісник проблем біологіїі медицини Bulletin of problems in biology and medicine,Полтавський державний медичний університет,"Il, І2, ІЗ, 14, 15, 16, 17, І9,ЕЇ, G21, G22",24
6,"Біологія, біотехнології, медицина та реабілітація",49,"Клінічна анестезіологія, інтенсивна терапія та медицина невідкладних станів","Міжнародний університет Громадська організація «Одеське науково-практичне товариство гемостазіологів, анестезіологів і реаніматологів»",р,24
6,"Біологія, біотехнології, медицина та реабілітація",50,Art of Medicine,Івано-Франківський національний медичний університет,"П, І2, 15, І7",24
6,"Біологія, біотехнології, медицина та реабілітація",51,Медицина сьогодні і завтра Medicine Today and Tomorrow,Харківський національний медичний Університет,"11, І2, ІЗ, 14, І5, І6, 17, 19 El, G21, G22",24
6,"Біологія, біотехнології, медицина та реабілітація",52,Вісті Біосферного заповідника «Асканія-Нова» Biosphere Reserve «Askania Nova» Reports,Біосферний заповідник «Асканія-Нова» імені Ф. Е. Фальц-Фейна Національної академії аграрних наук України,El,24
6,"Біологія, біотехнології, медицина та реабілітація",53,Український пульмонологічний журнал Ukrainian Pulmonology Journal,"Державна установа «Національний науковий центр фтизіатрії, пульмонології та алергології імені Ф. Г. Яновського Національної академії медичних наук України»","І2, ІЗ, 16, І7",24
6,"Біологія, біотехнології, медицина та реабілітація",54,Експериментальна та клінічна фізіологія і біохімія,Державне некомерційне підприємство «Львівський національний медичний університет імені Данила Галицького» Державне підприємство «Всеукраїнське спеціалізоване видавництво «Світ»,"І2, 17, El",24
6,"Біологія, біотехнології, медицина та реабілітація",55,Терапевтика/ ім. проф. Бережницького М. М.,Івано-Франківський національний медичний університет Товариство з обмеженою відповідальністю «Видавничий дім Медкнига»,"П,12",25
6,"Біологія, біотехнології, медицина та реабілітація",56,Судово-медична експертиза Forensic-medical examination,Буковинський державний медичний університет Асоціація судових медиків України Державна спеціалізована установа «Головне бюро судово-медичної експертизи Міністерства охорони здоров'я України» Національний університет охорони здоров'я України імені П. Л. Шупика,І2,25
6,"Біологія, біотехнології, медицина та реабілітація",57,Вісник Українського товариства генетиків і селекціонерів The Bulletin of Ukrainian Society of Geneticists and Breeders,Інститут молекулярної біологіїі генетики НАН України Всеукраїнська громадська організація «Українське товариство генетиків і селекціонерів ім. М. І. Вавилова»,"Е1, G21",25
6,"Біологія, біотехнології, медицина та реабілітація",58,Інтродукція рослин Plant Introduction,Національний ботанічний сад im. М. М. Гришка HAH України Національний дендрологічний парк «Софіївка» Національної академії наук України Національна академія наук України Державний дендрологічний парк «Олександрія» НАН України Державний дендрологічний парк «Тростянець» Національної академії наук України,El,25
6,"Біологія, біотехнології, медицина та реабілітація",59,Актуальні проблеми сучасної медицини: Вісник Української медичної стоматологічної академії,Полтавський державний медичний університет,"I], 12, ІЗ, 14, ІЗ, І6, 17, 19, El, G21, G22",25
6,"Біологія, біотехнології, медицина та реабілітація",60,"Сучасна медицина, фармація Ta психологічне здоров'я Modern Medicine, Pharmacy and Psychological Health",Приватне акціонерне товариство «Вищий навчальний заклад Міжрегіональна академія управління персоналом»,"П, І2, 14, ІЗ, I7, І9",25
6,"Біологія, біотехнології, медицина та реабілітація",61,Український журнал природничих наук,Житомирський державний університет імені Івана Франка,El,26
6,"Біологія, біотехнології, медицина та реабілітація",62,Довкілля та здоров'я Environment & Health,Державна установа «Інститут громадського здоров'я ім. О. М. Марзєєва Національної академії медичних наук України,"12, 13, 14, 16, 17, І9, ЕЇ",26
6,"Біологія, біотехнології, медицина та реабілітація",63,Артеріальна гіпертензія та серцево-судинні захворювання Hypertension and cardiovascular diseases,Національний університет здоров'я України імені охорони П. JI. Шупика,"І2, 16, І7",26
6,"Біологія, біотехнології, медицина та реабілітація",64,Інновації в стоматології,Державна установа «Інститут стоматології Ta щелепно-лицевої хірургії Національної академії медичних наук України»,1],26
6,"Біологія, біотехнології, медицина та реабілітація",65,Нотатки сучасної біології Notes in Current Biology,Волинський національний університет імені Лесі Українки,"El, G21, G22",26
6,"Біологія, біотехнології, медицина та реабілітація",66,Науковий вісник Чернівецького університету. Біологія (Біологічні системи),Чернівецький національний університет імені Юрія Федьковича,"El, G2]",26
6,"Біологія, біотехнології, медицина та реабілітація",67,Вісник Львівського університету. Серія біологічна. Visnyk of the Lviv University. Series Biology,Львівський національний університет імені Івана Франка,"El, G21, G22",26
6,"Біологія, біотехнології, медицина та реабілітація",68,Єдине здоров'я та проблеми харчування України,"Державне підприємство «Науковий центр превентивної токсикології, харчової та хімічної безпеки імені академіка Л. І. Медведя Міністерства охорони здоров'я України»","El, 12",26
6,"Біологія, біотехнології, медицина та реабілітація",69,Український неврологічний журнал Ukrainian Neurological Journal,Приватне підприємство «ІНПОЛ JITM» Національний медичний університет імені O. O. Богомольця,І2,26
6,"Біологія, біотехнології, медицина та реабілітація",70,Вісник Одеського національного університету. Біологія,Одеський національний університет імені I. І. Мечникова,"El, С21",26
6,"Біологія, біотехнології, медицина та реабілітація",71,Львівський клінічний вісник,Державне некомерційне підприємство «Львівський національний медичний університет імені Данила Галицького» Товариство з обмеженою відповідальністю «Видавництво «Кирилиця»,"П, 12",26
6,"Біологія, біотехнології, медицина та реабілітація",72,Мікробіологія і біотехнологія Microbiology and Biotechnology,Одеський національний університет імені І. І. Мечникова,"El, С21",27
6,"Біологія, біотехнології, медицина та реабілітація",73,Науковий вісник Ужгородського університету. Серія: Медицина Scientific Bulletin of Uzhhorod University. Series: Medicine,Державний вищий навчальний заклад «Ужгородський національний університет»,"ПП, 12, 13, 14, 16, 17, 19",27
6,"Біологія, біотехнології, медицина та реабілітація",74,Онкологія Oncology,"Інститут експериментальної патології, онкології і радіобіології імені Р. Є. Кавецького НАН України","12, 16, El",27
6,"Біологія, біотехнології, медицина та реабілітація",75,Український журнал дитячої ендокринології Ukrainian Journal of Pediatric Endocrinology,Приватне підприємство «ІНПОЛ JITM» Державна установа «Інститут охорони здоров'я дітей та підлітків Національної академії медичних наук України» Всеукраїнська громадська організація «Асоціація дитячих ендокринологів України»,І2,27
6,"Біологія, біотехнології, медицина та реабілітація",76,Архів офтальмології та щелепно-лицевої хірургії України,Національний медичний університет імені О. О. Богомольця ГО «Асоціація фахівців з офтальмопластики та очного протезування» ГО «Асоціація дитячих офтальмологів та оптометристів України»,"1, 12",27
6,"Біологія, біотехнології, медицина та реабілітація",77,Клінічна анатомія та оперативна хірургія Clinical anatomy and operative surgery,Буковинський державний медичний університет,І2,27
6,"Біологія, біотехнології, медицина та реабілітація",78,Перинатологія та репродуктологія: від наукових досліджень до практики Perinatology and Reproductology: from research to practice,Національний університет охорони здоров'я України імені П. Л. Шупика,"12, 13, 14, 16",27
6,"Біологія, біотехнології, медицина та реабілітація",79,Сучасна стоматологія Actual Dentistry,Товариство з обмеженою відповідальністю «Видавничий будинок Експерт» Національний університет охорони здоров'я України імені П. Л. Шупика,I],27
6,"Біологія, біотехнології, медицина та реабілітація",80,Актуальні проблеми профілактичної медицини Actual Problems of Preventive Медісіпе,Державне некомерційне підприємство «Львівський національний медичний університет імені Данила Галицького» Товариство з обмеженою відповідальністю «Видавничий дім Гельветика»,12,28
6,"Біологія, біотехнології, медицина та реабілітація",81,Наукові записки Тернопільського національного педагогічного університету ім. Володимира Гнатюка. Серія Біологія,Тернопільський національний педагогічний університет імені Володимира Гнатюка,"El, G21",28
6,"Біологія, біотехнології, медицина та реабілітація",82,Intermedical journal Інтермедичний журнал,Державний вищий навчальний заклад «Ужгородський національний університет»,"El, Il, 19",28
6,"Біологія, біотехнології, медицина та реабілітація",83,Біомедична інженерія і технологія Biomedical Engineering апа Technology,Національний технічний університет України «Київський політехнічний інститут імені Ігоря Сікорського»,"El, G21, G22, 17, 16",28
6,"Біологія, біотехнології, медицина та реабілітація",84,Via Stomatologiae,Державне некомерційне підприємство «Львівський національний медичний університет імені Данила Галицького» Товариство з обмеженою відповідальністю «Видавничий дім Гельветика»,Пп,28
6,"Біологія, біотехнології, медицина та реабілітація",85,"Спортивна медицина, фізична терапія та ерготерапія",Національний університет фізичного виховання і спорту України,"El, 12, 17, 19",28
6,"Біологія, біотехнології, медицина та реабілітація",86,Клінічна та експериментальна патологія Clinical & Experimental Pathology,Буковинський державний медичний університет,"I], 12, ІЗ, 19, ЕП",28
6,"Біологія, біотехнології, медицина та реабілітація",87,Здобутки клінічної і експериментальної медицини,Тернопільський національний медичний університет імені І. Я. Горбачевського Міністерства охорони здоров'я України,"І2, El",28
6,"Біологія, біотехнології, медицина та реабілітація",88,Морський екологічний журнал Marine Ecological Journal,Державна установа «Інститут морської біології HAH України»,E],29
6,"Біологія, біотехнології, медицина та реабілітація",89,Загальна хірургія General Surgery,Товариство з обмеженою відповідальністю «ВІТ-А-ПОЛ» Національний медичний університет імені О.О. Богомольця,І2,29
6,"Біологія, біотехнології, медицина та реабілітація",90,Фармакологія та лікарська токсикологія Pharmacology and Drug Toxicology,Державна установа «Інститут фармакології та токсикології Національної академії медичних наук України»,"El, [2",29
6,"Біологія, біотехнології, медицина та реабілітація",91,Охорона здоров'я громадського Public Health Journal,Національний університет «Острозька академія»,"12, 17, 19",29
6,"Біологія, біотехнології, медицина та реабілітація",92,Український журнал з проблем медицини праці,Державна установа «Інститут медицини праці імені Ю. І. Кундієва Національної академії медичних наук України»,"12, 14, 17, 19",29
6,"Біологія, біотехнології, медицина та реабілітація",93,Медична та клінічна хімія,Тернопільський національний медичний університет імені I. Я. Горбачевського Міністерства охорони здоров'я України,"12, ЕЇ",29
6,"Біологія, біотехнології, медицина та реабілітація",94,Шпитальний хірургія. Журнал імені JI. Я. Ковальчука Hospital Surgery. Journal патед by L. Ya. Kovalchuk,Тернопільський національний медичний університет імені . A. Горбачевського Міністерства охорони здоров'я України,12,29
6,"Біологія, біотехнології, медицина та реабілітація",95,Проблеми клінічної педіатрії Problems ofclinical pediatrics,Державний вищий навчальний заклад «Ужгородський національний університет»,"IH, І2, 13, 15, 17, El",29
6,"Біологія, біотехнології, медицина та реабілітація",96,Оториноларингологія,Державна установа «Інститут отоларингології ім. проф. О. С. Коломійченка Національної академії медичних наук України» Громадська організація «У країнське наукове медичне товариство лікарів-оториноларингологів»,"І2, 16, 17, 19",29
6,"Біологія, біотехнології, медицина та реабілітація",97,Інфекційні хвороби Infectious Diseases,Тернопільський національний медичний університет імені І. Я. Горбачевського Міністерства охорони здоров'я України Інститут епідеміології та інфекційних хвороб ім. JI. B. Громашевського,12,30
6,"Біологія, біотехнології, медицина та реабілітація",98,Наукові записки. Біологічні науки (Ніжинський державний університет імені Миколи Гоголя) Research Notes. Biology Research» (Nyzhyn Mykola Gogol State University),Ніжинський державний університет імені Миколи Гоголя,El,30
6,"Біологія, біотехнології, медицина та реабілітація",99,Вісник соціальної гігієни та організації охорони здоров'я України Bulletin of social hygiene and health protection organization of Ukraine,Тернопільський національний медичний університет імені I. Я. Горбачевського Міністерства охорони здоров'я України,"12, І9",30
6,"Біологія, біотехнології, медицина та реабілітація",100,"Український журнал дерматології, венерології, косметології Ukrainian Journal of Dermatology, Venereology, Cosmetology",Приватне підприємство «ІНПОЛ JITM» Національний медичний університет імені O. O. Богомольця Всеукраїнська громадська організація «Українська асоціація лікарів-дерматовенерологів і косметологів»,І2,30
6,"Біологія, біотехнології, медицина та реабілітація",101,ScienceRise: Biological Science,Приватне підприємство «Технологічний центр» Національний фармацевтичний університет,El,30
7,Інформаційні технології та електроніка,1,"Електронне наукове видання «Кібербезпека: освіта, наука, техніка» Electronic Professional Scientific Journal «Cybersecurity: Education, Science, Technique»",Київський столичний університет імені Бориса Грінченка,"F3, F5, F7",31
7,Інформаційні технології та електроніка,2,Computer Systems and Information Technologies,Хмельницький національний університет,"F2, FЗ, F5, F6, F7, G5, G7",31
7,Інформаційні технології та електроніка,3,Збірник наукових праць «Електроніка Ta інформаційні технології» Electronics and Information Technologies,Львівський національний університет імені Івана Франка,"F2, FЗ, F4, F5, F6, F7, G5, G6, G7",31
7,Інформаційні технології та електроніка,4,Наукові записки НАУКМА. Комп'ютерні науки,Національний університет «Києво-Могилянська академія»,"F2, F3, F6",31
7,Інформаційні технології та електроніка,5,Інформаційні технології та комп'ютерна інженерія,Вінницький національний технічний університет,"F2, FЗ, F4, F5, F6, F7, G5, G6, G7",31
7,Інформаційні технології та електроніка,6,Автоматизація технологічних i бізнес-процесів Automation technological and business processes -,Одеський національний технологічний університет,"F3, F6, F7, G7",31
7,Інформаційні технології та електроніка,7,Технологія та конструювання в електронній апаратурі Technology and design in electronic equipment,Приватне підприємство «Політехперіодика» Інститут фізики напівпровідників імені В. Є. Лашкарьова HAH України,"G5, F7, F5, G6, G7, F2",31
7,Інформаційні технології та електроніка,8,Системи обробки інформації Information Processing Systems,Харківський національний університет Повітряних Сил імені Івана Кожедуба,"F3, F4, F5, F6, F7, G5, G6, G7",31
7,Інформаційні технології та електроніка,9,Науковий вісник НЛТУ України,Національний лісотехнічний університет України,"F2, FЗ, F4, F5, F6, F7, G7",31
7,Інформаційні технології та електроніка,10,Проблеми програмування Problems in Programming,Інститут програмних систем HAH України Національна академія наук України,"F2, FЗ, F4, F5, F6, F7",32
7,Інформаційні технології та електроніка,11,Вісник Черкаського державного технологічного університету Bulletin of Cherkasy State Technological University,Черкаський державний технологічний університет,"F2, FЗ, F4, F5, F6, F7, G5, G6, G7",32
7,Інформаційні технології та електроніка,12,Прикладні інформаційні системи та технології в цифровому суспільстві (AISTDS),Київський національний університет імені Тараса Шевченка,"F3, F5, F6, G5, G6, G7",32
7,Інформаційні технології та електроніка,13,Прикладні аспекти інформаційних технологій Applied Aspects of Information Technology,Національний університет «Одеська політехніка»,"F2, FЗ, F4, F5, F6, F7, G7",32
7,Інформаційні технології та електроніка,14,Вісник Київського політехнічного інституту. Серія приладобудування Bulletin of Kyiv Polytechnic Institute. Series Instrument Making,Національний технічний університет України «Київський політехнічний інститут імені Ігоря Сікорського»,"G6, G7",32
7,Інформаційні технології та електроніка,15,Інформаційні технології та системи Information Technologies and Systems,Інститут інформаційних технологій та систем НАН України Національна академія наук України,"FЗ, F4, F5, F6, F7, G7",32
7,Інформаційні технології та електроніка,16,Досягнення у кібер-фізичних системах Advances in Cyber-Physical Systems,Національний університет «Львівська політехніка»,"F2, F3, F4, F5, F6, F7, G5, G6, G7",32
7,Інформаційні технології та електроніка,17,Сучасні інформаційні технології Advanced Information Technology,Київський національний університет імені Тараса Шевченка,"F2, FЗ, F4, F6, F7, G5",32
7,Інформаційні технології та електроніка,18,Оптико-електронні інформаційно-енергетичні технології,Вінницький національний технічний університет,"F2, FЗ, F6, F7, G5, G6, G7",32
7,Інформаційні технології та електроніка,19,Міжвідомчий науково-технічний збірник «Вимірювальна техніка Ta метрологія»,Національний університет «Львівська політехніка»,"F2, FЗ, F4, F5, F6, F7, G5, G6, G7",33
7,Інформаційні технології та електроніка,20,Комунальне міст. господарство Серія: «Інформаційні технології та інженерія»,Харківський національний університет міського господарства імені O. М. Бекетова,"F2, FЗ, F4, F5, F6, F7, G5, G6, G7",33
7,Інформаційні технології та електроніка,21,Машинобудування Engineering,Харківський національний університет імені В. Н. Каразіна,"G6, G7",33
7,Інформаційні технології та електроніка,22,Комп'ютерні та мережі системи,Національний університет «Львівська політехніка»,"F3, F5, F7, G7",33
7,Інформаційні технології та електроніка,23,Наукові вісті КПІ KPI Science New,Національний технічний університет України «Київський політехнічний інститут імені Ігоря Сікорського»,"F2, FЗ, F4, F5, F6, F7, G5, G6, G7",33
7,Інформаційні технології та електроніка,24,Технічна інженерія,Державний університет «Житомирська Політехніка»,"F2, FЗ, F4, F5, F6, F7, G5, G6, G7",33
7,Інформаційні технології та електроніка,25,Інформаційні технології та суспільство Information Technology and Society,ПАТ «Вищий навчальний заклад Міжрегіональна академія управління персоналом»,"F2, FЗ, F4, F5, F6, F7",33
7,Інформаційні технології та електроніка,26,Адаптивні Системи Автоматичного Управління Adaptive Systems of Automatic Control,Національний технічний університет України «Київський політехнічний інститут імені Ігоря Сікорського»,"F2, FЗ, F4, F6, Е7, G5, G6, G7",33
7,Інформаційні технології та електроніка,27,Проблеми інформатизації та управління Problems of Informatization and Control,Національний університет «Київський авіаційний інститут»,"F2, FЗ, F5, F7, G7",33
7,Інформаційні технології та електроніка,28,Кібернетика Ta комп'ютерні технології Cybernetics and Computer Technologies,Інститут кібернетики імені В. М. Глушкова НАН України Національна академія наук України,"F2, FЗ, F4, F5, F6, F7",33
7,Інформаційні технології та електроніка,29,Інформаційно-телекомунікаційні науки Information and Telecommunication Sciences,Національний технічний університет України «Київський політехнічний інститут імені Ігоря Сікорського»,"F3, F5, G5",33
7,Інформаційні технології та електроніка,30,"Мікросистеми, Електроніка та Акустика",Національний технічний університет України «Київський політехнічний інститут імені Ігоря Сікорського»,"G5, G7",33
7,Інформаційні технології та електроніка,31,"Моделювання, керування та інформаційні технології",Національний університет водного господарства та природокористування,"F2, FЗ, F4, G5, G6, G7",34
7,Інформаційні технології та електроніка,32,Електронне моделювання Electronic Modeling,Інститут проблем моделювання в енергетиці im. Г. Є. Пухова HAH України Національна академія наук України,"F2, FЗ, F4, F5, F6, F7, G5, G6, G7",34
7,Інформаційні технології та електроніка,33,Актуальні проблеми автоматизації Ta інформаційних технологій Actual problems automation and information technologies,Дніпровський національний університет імені Олеся Гончара,"F2, F4, F6",34
7,Інформаційні технології та електроніка,34,Штучний інтелект Artificial Intelligence,Державний університет інформаційно-комунікаційних технологій,"F2, FЗ, F4, F5, F6, F7, G5, G6, G7",34
7,Інформаційні технології та електроніка,35,"Системи управління, навігації та зв'язку. Збірник наукових праць Control, Navigation and Communication Systems",Національний університет «Полтавська політехніка імені Юрія Кондратюка»,"FЗ, F5, F6, F7, G5, G7",34
7,Інформаційні технології та електроніка,36,Оптоелектроніка та напівпровідникова техніка Optoelectronics and Semiconductor Technique,Інститут фізики напівпровідників im. В. Є. Лашкарьова HAH України Національна академія наук України,"F4, F6, G5, G6",34
7,Інформаційні технології та електроніка,37,Системні технології System technologies,Український державний університет науки і технологій,"F2, F3, F4, F5, F6, F7, G5, G6, G7",34
7,Інформаційні технології та електроніка,38,Комп'ютерні системи проєктування. Теорія i практика Computer Design Systems. Theory and Practice,Національний університет «Львівська політехніка»,"F2, FЗ, F4, F5, F6, F7, G5, G7",34
7,Інформаційні технології та електроніка,39,Вісник Східноукраїнського національного університету імені Володимира Даля Bulletin of the Volodymyr Dahl East Ukrainian National University,Східноукраїнський національний університет імені Володимира Даля,"F2, FЗ, F4, F5, F6, F7, G5, G6, G7",34
7,Інформаційні технології та електроніка,40,Інформаційні технології в економіці Ta природокористуванні technologies іп and environmental,Національний університет біоресурсів і природокористування України,"F3, G7",34
7,Інформаційні технології та електроніка,41,Методи та прилади контролю якості,Івано-Франківський національний технічний університет нафти і газу,"F2, FЗ, F4, F5, F6, F7, G5, G6, G7",35
7,Інформаційні технології та електроніка,42,Сучасні інформаційні технології у сфері безпеки та оборони Modern Information Technologies in the Sphere of Security and Defence,Національний університет оборони України,"FЗ, F4, F5, F6, G5, G7",35
7,Інформаційні технології та електроніка,43,"Вісник Національного технічного університету «ХПІ». Серія: Стратегічне управління, управління портфелями, програмами та проектами Bulletin of the National Technical University «KhPI». Series: Strategic management, portfolio, program and project manage",Національний технічний університет «Харківський політехнічний інститут»,"F3, F4, F6, G7",35
7,Інформаційні технології та електроніка,44,"Наукові праці Донецького національного технічного університету. Серія: «Інформатика, кібернетика та обчислювальна техніка»",ДВНЗ «Донецький національний технічний університет»,"F2, F3, F5, E6, F7, G7",35
7,Інформаційні технології та електроніка,45,Сучасний захист інформації,Державний університет інформаційно-комунікаційних технологій,"F2, F3, F5",35
7,Інформаційні технології та електроніка,46,Інформатика. Культура. Техніка,Національний університет «Одеська політехніка»,"F2, FЗ, F4, F5, F6, F7, G7",35
7,Інформаційні технології та електроніка,47,"Інформаційні технології: інформатика, програмна інженерія та кібербезпека Information Technology: Computer Science, Software Engineering and Cyber Security",Національний технічний університет «Дніпровська політехніка»,"F2, F3, F4, F5, F6, F7, G7",35
7,Інформаційні технології та електроніка,48,Безпека інфокомунікаційних систем та Інтернету речей Security of Infocommunication Systems and Internet of Things,Чернівецький національний університет імені Юрія Федьковича,"F2, F3, F4, F5, F6, F7, G5, G6, G7",35
7,Інформаційні технології та електроніка,49,Український журнал інформаційних технологій Ukrainian Journal of Information Technology,Національний університет «Львівська політехніка»,"F2, F3, F4, F5, F6, F7",36
7,Інформаційні технології та електроніка,50,Смарт технології: промислова та цивільна інженерія Smart Technologies: industrial and civil engineering,Київський національний університет будівництва і архітектури,"F2, FЗ, F4, F5, F6, F7, G5, G6, G7",36
7,Інформаційні технології та електроніка,51,Наукоємні технології Science-based technologies,Національний університет «Київський авіаційний інститут»,"F2, F3, F5, F6, G5",36
7,Інформаційні технології та електроніка,52,Інформатика та математичні методи в моделюванні,Національний університет «Одеська політехніка»,"F2, F3, F5, G7",36
7,Інформаційні технології та електроніка,53,Інфокомунікаційні та комп'ютерні технології Infocommunication and Computer Technologies,Відкритий міжнародний університет розвитку людини «Україна»,"F2, FЗ, F4, F5, F6, F7, С5, G6, G7",36
7,Інформаційні технології та електроніка,54,Інформаційні технології та інженерна електроніка Information Technologies and Engineering Electronics,Карпатський національний університет імені Василя Стефаника,"F2, F3, F7, G5",36
7,Інформаційні технології та електроніка,55,Технічна діагностика Ta неруйнівний контроль,Інститут електрозварювання ім. Є. О. Патона НАН України,"F6, F7, G6, G7",36
7,Інформаційні технології та електроніка,56,Управління розвитком складних систем Management of Development of Complex Systems,Київський національний університет будівництва і архітектури,"F2, FЗ, F4, F5, F6, F7, G5, G7",36
7,Інформаційні технології та електроніка,57,"Information, computing and intelligent systems",Національний технічний університет України «Київський політехнічний інститут імені Ігоря Сікорського»,"F2, F4, F5, F6, Е7",36
7,Інформаційні технології та електроніка,58,Вісник Криворізького національного університету,Криворізький національний університет,"F2, FЗ, F4, F5, F6, F7, G5, G6, G7",36
7,Інформаційні технології та електроніка,59,and Control Systems,Державне некомерційне підприємство «Державний Університет «Київський авіаційний інститут»,"FЗ, F6, G5, G7",36
7,Інформаційні технології та електроніка,60,Національного «Львівська «Інформаційні та мережі» / «Journal of Polytechnic National «Information Systems Networks»,Національний університет «Львівська політехніка»,"F2, ЕЗ, F4, Е5, F6, F7",36
7,Інформаційні технології та електроніка,61,Телекомунікаційні та інформаційні технології,Державний університет інформаційно-комунікаційних технологій,"F2, F3, F5, F6, F7, G5",37
7,Інформаційні технології та електроніка,62,"Вісник Національного технічного університету «ХПІ». Серія: Системний аналіз, управління та інформаційні технології Bulletin of the National Technical University «KhPI». Series: System analysis, control and information technology",Національний технічний університет «Харківський політехнічний інститут»,"F2, F3, F4, F6, G7",37
7,Інформаційні технології та електроніка,63,Теоретична та прикладна кібербезпека,Національний технічний університет України «Київський політехнічний інститут імені Ігоря Сікорського»,"F2, FЗ, F5, F6, F7",37
7,Інформаційні технології та електроніка,64,Енергетика та системи керування Energy Engineering and Control Systems,Національний університет «Львівська політехніка»,"G6, G7",37
7,Інформаційні технології та електроніка,65,Моделювання інформаційні та системи в економіці Modeling and Information System in Economics,Київський національний економічний університет імені Вадима Гетьмана,"F3, F4, F6",37
7,Інформаційні технології та електроніка,66,"Реєстрація, зберігання i обробка даних",Інститут проблем реєстрації інформації Національної академії наук України,"FЗ, F4, F5, F6, F7",37
7,Інформаційні технології та електроніка,67,Всеукраїнський міжвідомчий науково-технічний збірник «Автоматизовані системи управління та прилади автоматики» All-Ukrainian Interdepartmental Scientific and Technical Journal «Management Information System and Devices»,Харківський національний університет радіоелектроніки,"F2, FЗ, F4, F5, F6, F7, G5, G6, G7",37
7,Інформаційні технології та електроніка,68,"Вісник Харківського національного університету імені В. Н. Каразіна. Серія «Математичне моделювання. Інформаційні технології. Автоматизовані системи управління» Bulletin ої У. М, Karazin Kharkiv National University. Series Mathematical Modeling. Information Technology. Automated Control Systems",Харківський національний університет імені В. Н. Каразіна,"F2, F3, F4, F5, F6, F7, G7",38
7,Інформаційні технології та електроніка,69,Вісник Львівського університету. Серія прикладна математика та інформатика Visnyk of the Lviv University. Series Applied Mathematics and Informatics,Львівський національний університет імені Івана Франка,"FЗ, F4, F5",38
7,Інформаційні технології та електроніка,70,Безпека інформаційних i систем технологій Information systems and technologies security,Київський національний університет імені Тараса Шевченка,"F3, F5, F6",38
7,Інформаційні технології та електроніка,71,Проблеми телекомунікацій,Харківський національний університет радіоелектроніки,"F4, F5, F6, G5",38
7,Інформаційні технології та електроніка,72,Прикладні питання математичного моделювання Applied questions of mathematical modelling,Херсонський національний технічний університет,"F2, F3, F4, F5, F6, F7, G5, G6, G7",38
7,Інформаційні технології та електроніка,73,Математичні i машини системи Mathematical Machines and Systems,Інститут проблем математичних машин i систем HAH України Національна академія наук України,"F2, F3, F4, F5, F6, F7",38
7,Інформаційні технології та електроніка,74,Наукові записки Державного університету інформаційно-комунікаційних технологій,Державний університет інформаційно-комунікаційних технологій,"F3, F5, G5, G7",38
7,Інформаційні технології та електроніка,75,Вимірювальна та обчислювальна техніка в технологічних процесах Measuring and computing devices in technological processes,Хмельницький національний університет,"F2, FЗ, F4, ЕЗ5, F6, F7, G5, G6, G7",38
7,Інформаційні технології та електроніка,76,Математичне та комп'ютерне моделювання. Серія: Технічні науки,Кам'янець-Подільський національний університет імені Івана Огієнка Інститут кібернетики імені В. М. Глушкова Національної академії наук України,"F2, F3, F4, F6",38
7,Інформаційні технології та електроніка,77,Інформаційно-керуючі системи на залізничному транспорті,Український державний університет залізничного транспорту,"F6, F7, G5, G6, G7",39
7,Інформаційні технології та електроніка,78,Вісник Національного технічного університету «ХПІ». Серія: «Інформатика та моделювання» Bulletin of the National Technical University «KhPI». Series: Information Science and Modeling,Національний технічний університет «Харківський політехнічний інститут»,"FЗ, F4, F5, F6, F7",39
7,Інформаційні технології та електроніка,79,Метрологія та прилади Metrology and Instruments,Харківський національний університет радіоелектроніки,G6,39
7,Інформаційні технології та електроніка,80,Вісник Вінницького політехнічного інституту,Вінницький національний технічний університет,"F2, F3, F4, F5, F6, F7, G5, G6, G7",39
7,Інформаційні технології та електроніка,81,"Системи і технології зв'язку, інформатизації кібербезпеки та Communication, informatization and cybersecurity systems and technologies",Військовий інститут телекомунікацій Ta інформатизації імені Героїв Крут,"FЗ, F5, F6, G5",39
7,Інформаційні технології та електроніка,82,Information Technology and Security,Інститут спеціального зв'язку та захисту інформації Національного технічного університету України «Київський політехнічний інститут імені Ігоря Сікорського»,"F3, F5, F6, G5",39
7,Інформаційні технології та електроніка,83,Інфокомунікаційні технології та електронна інженерія Infocommunication technologies and electronic engineering,Національний університет «Львівська політехніка»,"F6, G5",39
7,Інформаційні технології та електроніка,84,Вісник Національного технічного університету «ХПІ». Серія: Нові рішення сучасних у технологіях Bulletin of the National Technical University «КЕРІ». Series: New solutions in modern technology,Національний технічний університет «Харківський політехнічний інститут»,"F2, F3, F6, G5, G6, G7",39
7,Інформаційні технології та електроніка,85,"Комп'ютерно-інтегровані технології: освіта, наука, виробництво / Computer-integrated technologies: education, science, production",Луцький національний технічний університет,"F2, FЗ, F5, F6, F7, G5",39
7,Інформаційні технології та електроніка,86,Вісник Черкаського університету. Серія: Прикладна математика. Інформатика Bulletin of the Cherkasy Bohdan Khmelnytsky National University. Series «Applied mathematics. Informatics»,Черкаський національний університет імені Богдана Хмельницького,"F2, F3, F4, F6",40
7,Інформаційні технології та електроніка,87,Відбір і обробка інформації Information Extraction and Processing,Фізико-механічний інститут імені Г. В. Карпенка Національної академії наук України Національна академія наук України,"F2, F3, F4, F5, F6, F7, G5, G6, G7",40
7,Інформаційні технології та електроніка,88,Зв'язок,Державний університет інформаційно-комунікаційних технологій,"F2, F3, F4, G5",40
7,Інформаційні технології та електроніка,89,Перспективні технології та прилади Perspective technologies and devices,Луцький національний технічний університет,"G5, G6, G7",40
7,Інформаційні технології та електроніка,90,Збірник наукових праць Одеської державної академії технічного регулювання та якості,Державний університет інтелектуальних технологій і зв'язку,"G5, G6, G7, F2, F3, F5",40
7,Інформаційні технології та електроніка,91,Інфраструктура вимірювань,"Всеукраїнський державний науково-виробничий центр стандартизації, метрології, сертифікації та захисту прав споживачів Національний технічний університет України «Київський політехнічний інститут імені Ігоря Сікорського»",G6,40
7,Інформаційні технології та електроніка,92,Математичне моделювання,Дніпровський державний технічний університет,"F2, FЗ, F4",40
7,Інформаційні технології та електроніка,93,Всеукраїнський міжвідомчий науково-технічний збірник «Радіотехніка» All-Ukrainian Interdepartmental Scientific and Technical Journal «Radiotekhnika»,Харківський національний університет радіоелектроніки,"F2, FЗ, F4, F5, F6, F7, G5, G6, G7",40
8,"Безпечна, чиста енергетика та енергоефективність",1,Проблеми машинобудування Journal of Mechanical Engineering Problemy — Mashynobuduvannia,Інститут енергетичних машин і систем ім. A. М.Підгорного Національної академії наук України,"G3, G4, С11",41
8,"Безпечна, чиста енергетика та енергоефективність",2,Електротехніка та електроенергетика Electrical Engineering and Power Engineering,Національний університет «Запорізька політехніка»,G3,41
8,"Безпечна, чиста енергетика та енергоефективність",3,Автомобіль і електроніка. Сучасні технології,Харківський національний автомобільно-дорожній університет,"G3, G 11, G4",41
8,"Безпечна, чиста енергетика та енергоефективність",4,Вісник Національного технічного університету «ХПІ». Серія: Енергетичні та теплотехнічні процеси й устаткування Bulletin of the National Technical University «KhPI». Series: Power and Heat Engineering Processes and Equipment,Національний технічний університет «Харківський політехнічний інститут»,"G3, С 4, G11",41
8,"Безпечна, чиста енергетика та енергоефективність",5,Холодильна техніка Ta технологія Refrigeration Engineering and Technology,Одеський національний технологічний університет,"G3, G4, С11",41
8,"Безпечна, чиста енергетика та енергоефективність",6,Системні дослідження в енергетиці System Research in Energy,"Інститут загальної енергетики Національної академії наук України, Національна академія наук України","G3, G4, G11",41
8,"Безпечна, чиста енергетика та енергоефективність",7,Вісник Національного технічного університету «ХПІ». Серія: Енергетика: надійність та енергоефективність Bulletin of the National Technical University «KhPI». Series: Energy: Reliability and Energy Efficiency,Національний технічний університет «Харківський політехнічний інститут»,"G3, G4",41
8,"Безпечна, чиста енергетика та енергоефективність",8,Світлотехніка та Електроенергетика,Харківський національний університет міського господарства імені О. М. Бекетова,"G3, G4",42
8,"Безпечна, чиста енергетика та енергоефективність",9,"Вісник Національного технічного університету «ХПІ», Серія: Гідравлічні машини та гідроагрегати Bulletin of the National Technical University «KhPI». Series: Hydraulic machines and hydraulic units",Національний технічний університет «Харківський політехнічний інститут»,"G4, G11",42
8,"Безпечна, чиста енергетика та енергоефективність",10,Праці Інституту електродинаміки Національної академії наук України,Інститут електродинаміки Національної академії наук України,G3,42
8,"Безпечна, чиста енергетика та енергоефективність",11,Вісник Національного технічного університету «ХПІ». Серія: Проблеми удосконалювання електричних машині апаратів. Теорія і практика Bulletin of the National Technical University «КЕРІ». Series: Problems of electrical machines and apparatus perfection,Національний технічний університет «Харківський політехнічний інститут»,G3,42
8,"Безпечна, чиста енергетика та енергоефективність",12,Праці Таврійського державного агротехнологічного університету,Таврійський державний агротехнологічний університет імені Дмитра Моторного,"G3, С 4, G11",42
8,"Безпечна, чиста енергетика та енергоефективність",13,Електротехнічні та інформаційні системи Electrical and Information Systems,Національний технічний університет «Дніпровська політехніка»,"G3, G4, G11",42
8,"Безпечна, чиста енергетика та енергоефективність",14,Computational Problems of Electrical Engineering (з англ.: «Обчислювальні проблеми електротехніки»),Національний університет «Львівська політехніка»,G3,42
8,"Безпечна, чиста енергетика та енергоефективність",15,Електромеханічні і енергозберігаючі системи Electromechanical апа Energy Saving Systems,Кременчуцький національний університет імені Михайла Остроградського,"G3, G4",42
8,"Безпечна, чиста енергетика та енергоефективність",16,Вісник Львівського національного університету природокористування. Серія «Агроінженерні дослідження»,Львівський національний університет ветеринарної медицини та біотехнологій імені С. 3. Гжицького,"G3, G4, G11",43
8,"Безпечна, чиста енергетика та енергоефективність",17,Енергетика і автоматика Energy and Automation,Національний університет біоресурсів і природокористування України,"G3, G4",43
8,"Безпечна, чиста енергетика та енергоефективність",18,"Енергетика: економіка, технології, екологія Power Engineering: Economics, Technique, Ecology",Національний технічний університет України «Київський політехнічний інститут імені Ігоря Сікорського»,"G3, G4",43
8,"Безпечна, чиста енергетика та енергоефективність",19,Теплофізика та теплоенергетика Thermophysics and Thermal Power Engineering,Інститут технічної теплофізики Національної академії наук України,G4,43
8,"Безпечна, чиста енергетика та енергоефективність",20,Наукові праці Вінницького національного технічного університету,Вінницький національний технічний університет,"G3, G4",43
8,"Безпечна, чиста енергетика та енергоефективність",21,Ядерна енергетика та довкілля Nuclear Power and the Environment,"Інститут проблем безпеки атомних електростанцій Національної академії наук України, Громадська організація «Українське ядерне товариство», Акціонерне товариство «Національна атомна енергогенеруюча компанія «Енергоатом»",G4,43
8,"Безпечна, чиста енергетика та енергоефективність",22,Збірник наукових праць Національного університету кораблебудування імені адмірала Макарова Collection of Scientific Papers of Admiral Makarov National University of Shipbuilding,Національний університет кораблебудування імені адмірала Макарова,"G3, G4, Gil",43
9,Механічна інженерія та машинобудування,1,Різання та інструменти в технологічних системах Cutting and tools in technological systems,Національний технічний університет «Харківський політехнічний інститут»,"G8, GI, G11",44
9,Механічна інженерія та машинобудування,2,Проблеми трибології Problems of Tribology,"Хмельницький національний університет, співзасновник: Lublin University of Technology","G8, С9, С11",44
9,Механічна інженерія та машинобудування,3,Геотехнічна механіка Geo-Technical Mechanics,Інститут геотехнічної механіки im. М.С. Полякова Національної академії наук України,"G9, G8, G11",44
9,Механічна інженерія та машинобудування,4,Науково-технічний журнал «Металознавство та обробка металів» Scientific technical journal «Metal Science and Treatment of Metals»,Фізико-технологічний інститут металів та сплавів Національної академії наук України,"G10, G8",44
9,Механічна інженерія та машинобудування,5,Метал та лиття України Metal and Casting of Ukraine,Фізико-технологічний інститут металів та сплавів Національної академії наук України,"G10, G8",44
9,Механічна інженерія та машинобудування,6,Mechanics and Advanced Technologies,Національний технічний університет України «Київський політехнічний інститут імені Ігоря Сікорського»,"С9, С11, С12",44
9,Механічна інженерія та машинобудування,7,Техніка та енергетика Machinery & Energetics,Національний університет біоресурсів і природокористування України,"G11, G9",44
9,Механічна інженерія та машинобудування,8,Праці Одеського політехнічного університету Proceedings of Odessa Polytechnic University,Національний університет «Одеська політехніка»,"G8, G9, G10, С11",44
9,Механічна інженерія та машинобудування,9,"Конструювання, виробництво та експлуатація сільськогосподарських машин Design, Production and Exploitation of Agricultural Machines",Центральноукраїнський національний технічний університет,"G11, G8, G9",45
9,Механічна інженерія та машинобудування,10,Нові матеріали і технології в металургії та машинобудуванні New Materials and Technologies in Metallurgy and Mechanical Engineering,Національний університет «Запорізька політехніка»,"G10, G11, G8, G9",45
9,Механічна інженерія та машинобудування,11,Промислова гідравліка і пневматика Industrial Hydraulics and Pneumatics,Таврійський державний агротехнологічний університет імені Дмитра Моторного,"G8, С9, G11, С12",45
9,Механічна інженерія та машинобудування,12,Авіаційно-космічна техніка i технологія Aerospace technic and technology,Національний аерокосмічний університет «Харківський авіаційний інститут»,"С10, С11, С12, G8, G9",45
9,Механічна інженерія та машинобудування,13,Проблеми тертя та зношування Problems of friction and wear,Державне некомерційне підприємство «Державний Університет «Київський авіаційний інститут»,"G8, 09, G11, G12",45
9,Механічна інженерія та машинобудування,14,Наукові праці Донецького національного технічного університету. Серія: Машинобудування і машинознавство,Державний вищий навчальний заклад «Донецький національний технічний університет»,С11,45
9,Механічна інженерія та машинобудування,15,"Гірничі, будівельні, дорожні та меліоративні машини Mining, constructional, road and melioration machines",Київський національний університет будівництва і архітектури,"G11, G9",45
9,Механічна інженерія та машинобудування,16,Український міжвідомчий науково-технічний збірник «Автоматизація виробничих процесів у машинобудуванні та приладобудуванні»,Національний університет «Львівська політехніка»,"G9, G11",45
9,Механічна інженерія та машинобудування,17,Український журнал із машинобудування і матеріалознавства Ukrainian Journal of Mechanical Engineering and Materials Science,Національний університет «Львівська політехніка»,"G8, G9, Gil",46
9,Механічна інженерія та машинобудування,18,Науковий вісник Івано-Франківського національного технічного університету нафти і газу,Івано-Франківський національний технічний університет нафтиі газу,"С8, С9, С11",46
9,Механічна інженерія та машинобудування,19,"Технічний сервіс агропромислового, лісового та транспортного комплексів Technical service of agriculture, forestry and transport systems",Державний біотехнологічний університет,"G11, G8, G9",46
9,Механічна інженерія та машинобудування,20,Двигуни внутрішнього згоряння Internal Combustion Engines,Національний технічний університет «Харківський політехнічний інститут»,С11,46
9,Механічна інженерія та машинобудування,21,Технічна механіка Technical mechanics,"Інститут технічної механіки Національної академії наук України та Державного космічного агентства України, співзасновник: Національна академія наук України","G8, G12, G9",46
9,Механічна інженерія та машинобудування,22,Вісник Кременчуцького національного університету імені Михайла Остроградського Transactions ої Kremenchuk Mykhailo Ostrohradskyi National University,Кременчуцький національний університет імені Михайла Остроградського,"G8, G9, Gil",46
9,Механічна інженерія та машинобудування,23,Прикладна геометрія та інженерна графіка,Київський національний університет будівництва і архітектури,G9,46
9,Механічна інженерія та машинобудування,24,Механіка гіроскопічних систем Mechanics ої Gyroscopic Systems,Національний технічний університет України «Київський політехнічний інститут імені Ігоря Сікорського»,"С9, С12",46
9,Механічна інженерія та машинобудування,25,Автоматичне зварювання,Інститут електрозварювання ім. Є. О. Патона НАН України,"G8, G9, G11, С12",46
9,Механічна інженерія та машинобудування,26,"Техніка, енергетика, транспорт АПК Technology, energy, agriculture transport AIC",Вінницький національний аграрний університет,"С11, С10, С9, G8",47
9,Механічна інженерія та машинобудування,27,Проблеми обчислювальної механіки і міцності конструкцій Problems of Computational Mechanics and Strength Structures,Дніпровський національний університет імені Олеся Гончара,"G9, G11, G12, G10",47
9,Механічна інженерія та машинобудування,28,Вісник Національного технічного університету «ХПІ». Серія: Технології в машинобудуванні Bulletin of the National Technical University «КОРІ». Series: Techniques in a machine industry,Національний технічний університет «Харківський політехнічний інститут»,"С8, С9, С10, С11",47
9,Механічна інженерія та машинобудування,29,Процеси лиття Casting Processes,"Фізико-технологічний інститут металів та сплавів Національної академії наук України, співзасновник: Національна академія наук України","G10, G8",47
9,Механічна інженерія та машинобудування,30,Металургія Metallurgy,Запорізький національний університет,"G10, G11, G8, G9",47
9,Механічна інженерія та машинобудування,31,Вібрації в техніці Ta технологіях Vibrations іп Engineering and Technology,Вінницький національний аграрний університет,"G11, G8, G9, С10",47
9,Механічна інженерія та машинобудування,32,Успіхи матеріалознавства,Інститут проблем матеріалознавства імені І. М. Францевича Національної академії наук України,G8,47
9,Механічна інженерія та машинобудування,33,Фундаментальні та прикладні проблеми чорної металургії Fundamental and applied problems of ferrous metallurgy,Інститут чорної металургії ім. 3.І. Некрасова Національної академії наук України,"G8, G10, G11",47
9,Механічна інженерія та машинобудування,34,Вісник Національного технічного університету «ХПІ». Серія: Машинознавство та САПР Bulletin of the National Technical University «KhPI». Series: Engineering and CAD,Національний технічний університет «Харківський політехнічний інститут»,"С8, С9, С10, С11",47
9,Механічна інженерія та машинобудування,35,Сучасні проблеми металургії Modern problems of metallurgy,Український державний університет науки і технологій,"G8, G9, G10, G11, G12",48
9,Механічна інженерія та машинобудування,36,Теорія та практика металургії Theory and Practice of Metallurgy,Український державний університет науки і технологій,"G8, G10, G11",48
9,Механічна інженерія та машинобудування,37,Суднобудування та морська інфраструктура Shipbuilding and Marine Infrastructure,"Національний університет кораблебудування імені адмірала Макарова, співзасновник: Батумський навігаційний університет","G11, G12, G8, С9",48
9,Механічна інженерія та машинобудування,38,Науковий Журнал Метінвест Політехніки. Серія: Технічні науки Scientific Journal of Metinvest Polytechnic. Series: Technical sciences,Товариство з обмеженою відповідальністю «Технічний університет «Метінвест політехніка»,"G10, G11, G8",48
9,Механічна інженерія та машинобудування,39,Вісник Тернопільського національного технічного університету Scientific journal of the Ternopil National Technical University,Тернопільський національний технічний університет імені Івана Пулюя,"G10, G11, G12, G8, G9",48
9,Механічна інженерія та машинобудування,40,Вісник Дніпровського університету. Серія: Ракетно-космічна техніка Journal ої Rocket-Space Technology,Дніпровський національний університет імені Олеся Гончара,"G8, G11, G12, С9",48
9,Механічна інженерія та машинобудування,41,Космічна техніка. Ракетне озброєння Space technology. Missile armaments,Державне підприємство «Конструкторське бюро «Південне» im. М. К. Янгеля»,"С12, С11, С8, С9, С10",48
9,Механічна інженерія та машинобудування,42,Фізико-технічні проблеми гірничого виробництва Physical and technical problems of mining production,Відділення фізики гірничих процесів Інституту геотехнічної механіки ім. М. С. Полякова Національної академії наук України,G9,48
9,Механічна інженерія та машинобудування,43,Наука та виробництво Science and production,Державний вищий навчальний заклад «Приазовський державний технічний університет»,"G8, G9, G10, С11",48
9,Механічна інженерія та машинобудування,44,Відкриті інформаційні та комп'ютерні інтегровані технології Open Information and Computer Integrated Technologies,Національний аерокосмічний університет «Харківський авіаційний інститут»,"С8, С9, С10, G11, G12",48
9,Механічна інженерія та машинобудування,45,Збірник наукових праць «Обробка матеріалів тиском»,Донбаська державна машинобудівна академія,"G8, G9, G10, С11, С12",49
9,Механічна інженерія та машинобудування,46,Сучасна електрометалургія,Інститут електрозварювання ім. Є. О. Патона Національної академії наук України,"С10, С8",49
9,Механічна інженерія та машинобудування,47,Збірник наукових праць Дніпровського державного технічного університету (технічні науки),Дніпровський державний технічний університет,"G10, G11, G8, G9",49
9,Механічна інженерія та машинобудування,48,Системне проектування та аналіз характеристик аерокосмічної техніки,Дніпровський національний університет імені Олеся Гончара,"G9, G12",49
9,Механічна інженерія та машинобудування,49,Механіка та автоматика агропромислового виробництва,Інститут механіки та автоматики агропромислового виробництва Національної академії аграрних наук України,С11,49
10,"Промислові і будівельні технології, логістика, транспорт",1,Architectural Studies,Національний університет «Львівська політехніка»,"G17, G19",50
10,"Промислові і будівельні технології, логістика, транспорт",2,Транспортні технології Transport technologies,Національний університет «Львівська політехніка»,"77,18",50
10,"Промислові і будівельні технології, логістика, транспорт",3,Тваринництво та технології харчових продуктів Animal Science and Food Technology,Національний університет біоресурсів і природокористування України,G13,50
10,"Промислові і будівельні технології, логістика, транспорт",4,Науковий вісник Львівського національного університету ветеринарної медицини та біотехнологій імені С. 3. Гжицького. Серія «Харчові технології»,Львівський національний університет ветеринарної медицини та біотехнологій імені С. 3. Гжицького,"G2, G13",50
10,"Промислові і будівельні технології, логістика, транспорт",5,Збірник наукових праць Державного університету інфраструктури та технологій. Серія Транспортні системи і технології Collection ofscientific works of the State University of Infrastructure and Technologies. Series Transport systems and technologies,Національний транспортний університет,"G19, 75, J7, 18",50
10,"Промислові і будівельні технології, логістика, транспорт",6,"Міжвідомчий науково-технічний збірник «Геодезія, картографія і аєрофотознімання» Interdepartmental scientific and technical collection «Geodesy, Cartography and Aerial Photography»",Національний університет «Львівська політехніка»,G18,50
10,"Промислові і будівельні технології, логістика, транспорт",7,Центральноукраїнський науковий вісник. Технічні науки Central Ukrainian Scientific Bulletin. Technical Sciences,Центральноукраїнський національний технічний університет,"G11, G19, J8",51
10,"Промислові і будівельні технології, логістика, транспорт",8,Технічні науки та технології,Національний університет «Чернігівська політехніка»,"С2, С11, 013, G14, G18, G19, J8",51
10,"Промислові і будівельні технології, логістика, транспорт",9,Вісник машинобудування Ta транспорту,Вінницький національний технічний університет,"G2, G11, С15, G19, J6, J7, J8",51
10,"Промислові і будівельні технології, логістика, транспорт",10,Науковий вісник Херсонської державної морської академії Scientific Bulletin Kherson State Maritime Academy,Херсонська державна морська академія,J5,51
10,"Промислові і будівельні технології, логістика, транспорт",11,Технологія і техніка друкарства Technology and Technique of Typography,Національний технічний університет України «Київський політехнічний інститут імені Ігоря Сікорського»,"G11, G20",51
10,"Промислові і будівельні технології, логістика, транспорт",12,Екологічна безпека та природокористування Ecological Safety and Balanced Use ofResources,Київський національний університет будівництва і архітектури Інститут телекомунікацій Ta глобального інформаційного простору НАН України,С2,51
10,"Промислові і будівельні технології, логістика, транспорт",13,"Збірник наукових праць. Галузеве машинобудування, будівництво Academic journal. Industrial Machine Building, Civil Engineering",Національний університет «Полтавська політехніка імені Юрія Кондратюка»,"G11, G17, G19",51
10,"Промислові і будівельні технології, логістика, транспорт",14,Наукові праці Національного університету харчових технологій,Національний університет харчових технологій,"G2, G11, G13",51
10,"Промислові і будівельні технології, логістика, транспорт",15,Зернові продукти і комбікорми Grain Products and Mixed Fodder’s,Одеський національний технологічний університет,"G11, G13",51
10,"Промислові і будівельні технології, логістика, транспорт",16,Наука та прогрес транспорту Science and transport progress,Український державний університет науки і технологій,"G2, G11, G19, J7, J8",51
10,"Промислові і будівельні технології, логістика, транспорт",17,"Мости та тунелі: теорія, дослідження, практика Bridges and tunnels: theory, research, practice",Український державний університет науки і технологій,G19,51
10,"Промислові і будівельні технології, логістика, транспорт",18,Будівельні конструкції. Теорія практика Building constructions. Theory and Practice,1 Київський національний університет будівництва і архітектури,С19,52
10,"Промислові і будівельні технології, логістика, транспорт",19,Автомобільний транспорт,Харківський національний автомобільно-дорожній університет,"G11, G18, G19, J6, 77,08",52
10,"Промислові і будівельні технології, логістика, транспорт",20,Судноводіння Shipping & Navigation,Національний університет «Одеська морська академія»,75,52
10,"Промислові і будівельні технології, логістика, транспорт",21,Вісник Приазовського державного технічного університету. Серія: Технічні науки Reporter ofthe Priazovskyi State Technical University. Section: Technical sciences,ДВНЗ «Приазовський державний технічний університет»,"G2, С11, G17, G19, J5, J6, J7, J8",52
10,"Промислові і будівельні технології, логістика, транспорт",22,Вісті Донецького гірничого інституту,ДВНЗ «Донецький національний технічний університет»,G16,52
10,"Промислові і будівельні технології, логістика, транспорт",23,Theory and Building Practice,Національний університет «Львівська політехніка»,С19,52
10,"Промислові і будівельні технології, логістика, транспорт",24,Товарознавство. Технології. Інжиніринг Commodity science. Technologies. Engineering,Державний торговельно-економічний університет,"G2, G13, G14, С15, С16, СІ7, G18, G19",52
10,"Промислові і будівельні технології, логістика, транспорт",25,"Вентиляція, освітлення Ta теплогазопостачання Ventilation, Illumination and Heat-Gas Supply",Київський національний університет будівництва і архітектури,"G2, С11, G17, С19",52
10,"Промислові і будівельні технології, логістика, транспорт",26,Науковий вісник будівництва,Харківський національний університет міського господарства імені O. М. Бекетова,"G2, G11, G16, G17, G18, G19, J7, J8",52
10,"Промислові і будівельні технології, логістика, транспорт",27,Вісник Національного університету «Львівська політехніка». Серія «Архітектура» Bulletin ofLviv Polytechnic National University. Series of Architecture,Національний університет «Львівська політехніка»,G17,52
10,"Промислові і будівельні технології, логістика, транспорт",28,Дороги імости,ДЕРЖАВНЕ ПІДПРИЄМСТВО «НАЦІОНАЛЬНИЙ ІНСТИТУТ РОЗВИТКУ ІНФРАСТРУКТУРИ»,"G2, G17, G18, G19, 28",52
10,"Промислові і будівельні технології, логістика, транспорт",29,"Ресурсоекономні матеріали, конструкції, будівлі та споруди",Національний університет водного господарства та природокористування,G19,53
10,"Промислові і будівельні технології, логістика, транспорт",30,"Вісник Національного технічного університету України «Київський політехнічний інститут імені Ігоря Сікорського», Серія «Хімічна інженерія, екологія та ресурсозбереження»",Національний технічний університет України «Київський політехнічний інститут імені Ігоря Сікорського»,"G2, С11, G16",53
10,"Промислові і будівельні технології, логістика, транспорт",31,"Землеустрій, кадастр і моніторинг земель Land management, cadastre and land monitoring",Національний університет біоресурсів і природокористування України Інститут землекористування НААН,"G17, G18, G19",53
10,"Промислові і будівельні технології, логістика, транспорт",32,Нафтогазова енергетика,Івано-Франківський національний технічний університет нафти і газу,"G11, G16, G19, J8",53
10,"Промислові і будівельні технології, логістика, транспорт",33,Вісник Львівського торговельно-економічного університету. Технічні науки Herald ofLviv University of Trade and Economics. Technical Sciences,Львівський торговельно-економічний університет,"G2, G13, G15",53
10,"Промислові і будівельні технології, логістика, транспорт",34,Вісник Національного транспортного університету,Національний транспортний університет,"G2, G11, G18, G19, 75, 77, J8",53
10,"Промислові і будівельні технології, логістика, транспорт",35,Архітектурний вісник КНУБА,( Київський національний університет будівництва і архітектури,"G17, G19",53
10,"Промислові і будівельні технології, логістика, транспорт",36,Вісник Хмельницького національного університету. Серія: Технічні науки Herald ofKhmelnytskyi National University. Technical sciences,Хмельницький національний університет,"G11, G13, 015, G17, G19, J8",53
10,"Промислові і будівельні технології, логістика, транспорт",37,"Лісове господарство, лісова, паперова і деревообробна промисловість",Національний лісотехнічний університет України,"G2, G11, G14, G19",53
10,"Промислові і будівельні технології, логістика, транспорт",38,Гірничий вісник,Криворізький національний університет,"G2, С11, G13, G16, G17, G12, G19, J8",53
10,"Промислові і будівельні технології, логістика, транспорт",39,Харчова промисловість,Національний університет харчових технологій,"G11, G13, G20",54
10,"Промислові і будівельні технології, логістика, транспорт",40,Інтегровані технології та енергозбереження Integrated Technologies and Energy Saving,Національний технічний університет «Харківський політехнічний інститут»,"G2, 011, G13, G16, G19",54
10,"Промислові і будівельні технології, логістика, транспорт",41,Сучасні технології Ta методи розрахунків у будівництві Moder technologies and methods ofcalculations in construction,Луцький національний технічний університет,"G17, G18, G19",54
10,"Промислові і будівельні технології, логістика, транспорт",42,Основи i фундаменти Bases and foundations,Київський національний університет будівництва і архітектури,С19,54
10,"Промислові і будівельні технології, логістика, транспорт",43,Вісник Львівського національного університету природокористування. Серія «Архітектура та будівництво»,Львівський національний університет ветеринарної медицини та біотехнологій імені С. 3. Гжицького,"G17, G18, G19, 15",54
10,"Промислові і будівельні технології, логістика, транспорт",44,Збірник наукових праць Українського державного університету залізничного транспорту,Український державний університет залізничного транспорту,"G11, G18, G19, J7",54
10,"Промислові і будівельні технології, логістика, транспорт",45,Вісник Національного технічного університету «ХПІ». Серія: Автомобіле-та тракторобудування Bulletin ofthe National Technical University «KhPI». Series: Automobile and Tractor Construction,Національний технічний університет «Харківський політехнічний інститут»,"G11, J8",54
10,"Промислові і будівельні технології, логістика, транспорт",46,Сучасні технології в машинобудуванні та транспорті Advances in mechanical engineering and transport,Луцький національний технічний університет,"G11, 28",54
10,"Промислові і будівельні технології, логістика, транспорт",47,Водний транспорт,Національний транспортний університет,75,54
10,"Промислові і будівельні технології, логістика, транспорт",48,"Журнал з планування, будівництва Ta обслуговування аеропорту Airport Planning, Construction and Maintenance Journal",Національний університет «Київський авіаційний інститут»,"G2, G17, G18, G19",54
10,"Промислові і будівельні технології, логістика, транспорт",49,Здоров'я людиниі нації Human and nation’s health,Національний університет біоресурсів i природокористування України,G13,54
10,"Промислові і будівельні технології, логістика, транспорт",50,Техніка будівництва Construction Engineering,Київський національний університет будівництва і архітектури,"G2, G11",55
10,"Промислові і будівельні технології, логістика, транспорт",51,Вісник Харківського національного автомобільно-дорожнього університету,Харківський національний автомобільно-дорожній університет,"G2, G11, G17, G18, G19, J8",55
10,"Промислові і будівельні технології, логістика, транспорт",52,Науковий вісник Полтавського університету економіки і торгівлі. Серія «Технічні науки» Scientific Bulletin ofPoltava University of Economics and Trade. Series of«Technical Sciences»,Полтавський університет економіки і торгівлі,"G2, G13, G15",55
10,"Промислові і будівельні технології, логістика, транспорт",53,"Сучасні технології, матеріали і конструкції в будівництві",Вінницький національний технічний університет,"G2, G17, G19",55
10,"Промислові і будівельні технології, логістика, транспорт",54,Вісник Сумського національного аграрного університету. Серія: Механізація та автоматизація виробничих процесів Bulletin of Sumy National Agrarian University. The series: Mechanization and Automation of Production Processes,Сумський національний аграрний університет,"G2, G11, G13, 28",55
10,"Промислові і будівельні технології, логістика, транспорт",55,Продовольчі ресурси,Інститут продовольчих ресурсів НААН,G13,55
10,"Промислові і будівельні технології, логістика, транспорт",56,"Прогресивні техніка та технології харчових виробництв, ресторанного господарства та торгівлі Progressive technique and technologies offood production enterprises, catering business and trade",Державний біотехнологічний університет,"G11, G13",55
10,"Промислові і будівельні технології, логістика, транспорт",57,Сучасні геодезичної досягнення науки та виробництва,Західне геодезичне товариство Українського товариства геодезії та картографії,С18,55
10,"Промислові і будівельні технології, логістика, транспорт",58,Індустрія моди Fashion Industry,Київський національний університет технологій Ta дизайну,"С11, G15",55
10,"Промислові і будівельні технології, логістика, транспорт",59,Автомобільні дороги і дорожнє будівництво Automobile Roads and Road Construction,Національний транспортний університет,"G2, G11, G18, G19, J8",55
10,"Промислові і будівельні технології, логістика, транспорт",60,Поліграфія і видавнича справа Printing and Publishing,Українська академія друкарства,"G2, С11, G20",56
10,"Промислові і будівельні технології, логістика, транспорт",61,Рейковий рухомий склад Railbound rolling stock,Державне підприємство Український науково-дослідний інститут вагонобудування,J7,56
10,"Промислові і будівельні технології, логістика, транспорт",62,Розвиток транспорту Transport Development,Одеський національний морський університет,"G2, G11, J5, J7, 18",56
10,"Промислові і будівельні технології, логістика, транспорт",63,Наукові вісті Далівського університету Naukovi Visti Dalivs’kogo Universitetu,Східноукраїнський національний університет імені Володимира Даля,"С2, С11, С15, G19, 77, 78",56
10,"Промислові і будівельні технології, логістика, транспорт",64,Сучасні проблеми архітектури Ta містобудування Current problems ofarchitecture and urban planning,Київський національний університет будівництва 1 архітектури,"G17, G19",56
10,"Промислові і будівельні технології, логістика, транспорт",65,Залізничний транспорт України Railway transport ofUkraine,Національний транспортний університет Акціонерне товариство «У країнська залізниця»,"G2, G11, 019, J7",56
10,"Промислові і будівельні технології, логістика, транспорт",66,Вісник Одеського національного морського університету,Одеський національний морський університет,"G11, G17, G19, 75, J8",56
10,"Промислові і будівельні технології, логістика, транспорт",67,Наукові праці Scientific Works,Одеський національний технологічний університет,"G2, G11, G13, G16",56
10,"Промислові і будівельні технології, логістика, транспорт",68,Містобудування Ta територіальне планування Urban development and spatial planning,Київський національний університет будівництва 1 архітектури,"G17, G18, G19",56
10,"Промислові і будівельні технології, логістика, транспорт",69,Транспортні системи Ta технології перевезень Transport systems and transportation technologies,Український державний університет науки і технологій,"J7, J8",56
10,"Промислові і будівельні технології, логістика, транспорт",71,Вісник Національної академії образотворчого мистецтва і архітектури (Вісник НАОМА) Bulletin ofthe National Academy ofFine Arts and Architecture,Національна академія образотворчого мистецтва і ( архітектури,С17,56
10,"Промислові і будівельні технології, логістика, транспорт",72,"Проблеми водопостачання, водовідведення та гідравліки Problems ofWater Supply, Sewerage and Hydraulic",Київський національний університет будівництва і архітектури,"G2, G19",56
10,"Промислові і будівельні технології, логістика, транспорт",73,Збірник наукових праць Національного гірничого університету Collection ofResearch Papers ої the National Mining University,Національний технічний університет «Дніпровська політехніка»,"G2, G11, G16, С19",57
10,"Промислові і будівельні технології, логістика, транспорт",74,Наукові проблеми архітектури та містобудування Scientific problems of architecture and urban planning,Одеська державна академія будівництва та архітектури,"G17, G19",57
10,"Промислові і будівельні технології, логістика, транспорт",75,Сучасні будівельні конструкції з металу та деревини Modern structures ofmetal and wood,Олеська державна академія будівництва та архітектури,С19,57
10,"Промислові і будівельні технології, логістика, транспорт",76,Суднові енергетичні установки,Національний університет «Одеська морська академія»,75,57
10,"Промислові і будівельні технології, логістика, транспорт",77,Науково-технічний журнал «Техногенно-екологічна безпека»,Національний університет цивільного захисту України,"G2, G19",57
10,"Промислові і будівельні технології, логістика, транспорт",78,Сучасне будівництво та архітектура Modern construction and architecture,Одеська державна академія будівництва та архітектури,"G17, G19",57
10,"Промислові і будівельні технології, логістика, транспорт",79,Трансфер інноваційних технологій Transfer ofinnovative technologies,Київський національний університет будівництва і архітектури,"G2, G11, G17, С18, С19",57
11,Сільськогосподарські і ветеринарні науки,1,Ukrainian Journal of Veterinary and Agricultural Sciences,Львівський національний університет ветеринарної медицини та біотехнологій імені С. 3. Гжицького,"Н2, H5, H6",58
11,Сільськогосподарські і ветеринарні науки,2,Український журнал лісівництва та деревинознавства Ukrainian Journal of Forest and Wood Science,Національний університет біоресурсів і природокористування України,"Н3, НА",58
11,Сільськогосподарські і ветеринарні науки,3,Український часопис ветеринарних наук Ukrainian Journal of Veterinary Sciences,Національний університет біоресурсів і природокористування України,H6,58
11,Сільськогосподарські і ветеринарні науки,4,Agrology,Дніпровський державний аграрно-економічний університет,"H1, Н3, НА, H7",58
11,Сільськогосподарські і ветеринарні науки,5,Науковий вісник Львівського національного університету ветеринарної медицини та біотехнологій імені С. 3. Гжицького. Серія «Ветеринарні науки»,Львівський національний університет ветеринарної медицини та біотехнологій імені С. 3. Гжицького,"H2, H6",58
11,Сільськогосподарські і ветеринарні науки,6,Theoretical and Applied Veterinary Medicine,Дніпровський державний аграрно-економічний університет,"H2, H6",58
11,Сільськогосподарські і ветеринарні науки,7,Рослинництво Ta грунтознавство Plant and Soil Sciences,Національний університет біоресурсів і природокористування України,H1,58
11,Сільськогосподарські і ветеринарні науки,8,Карантин і захист рослин,Інститут захисту рослин НААН,"H1, Н3, НА",58
11,Сільськогосподарські і ветеринарні науки,9,Plant Varieties Studying and Protection,Український інститут експертизи сортів рослин Інститут фізіології рослин і генетики НАН України Селекційно-генетичний інститут Національний центр - насіннєзнавства та сортовивчення НААН,"H1, H3, H7",58
11,Сільськогосподарські і ветеринарні науки,10,Науковий вісник Львівського національного університету ветеринарної медицини та біотехнологій імені С. 3. Гжицького. Серія «Сільськогосподарські науки»,Львівський національний університет ветеринарної медицини та біотехнологій імені С. 3. Гжицького,"H1, H2, H3",59
11,Сільськогосподарські і ветеринарні науки,11,Передгірне та гірське землеробство і тваринництво,Інститут сільського господарства Карпатського регіону НААН Національна академія аграрних наук України,"H1, Н2",59
11,Сільськогосподарські і ветеринарні науки,12,Наукові праці Лісівничої академії наук України,Національний лісотехнічний університет України,"H3, НА",59
11,Сільськогосподарські і ветеринарні науки,13,Водні біоресурси та аквакультура Water Bioresources and Aquaculture,Херсонський державний аграрно-економічний університет,"H5, H6",59
11,Сільськогосподарські і ветеринарні науки,14,Меліорація i водне господарство,Інститут водних проблем і меліорації НААН,"H1, Н7",59
11,Сільськогосподарські і ветеринарні науки,15,Науковий вісник ветеринарної медицини Scientific journal of veterinary medicine,Білоцерківський національний аграрний університет,H6,59
11,Сільськогосподарські і ветеринарні науки,16,Генетичні ресурси рослин,Інститут рослинництва ім. В. Я. Юр'єва НААН,"H1, H3",59
11,Сільськогосподарські і ветеринарні науки,17,Лісівництво і агролісомеліорація,Український ордена «Знак Пошани» науково-дослідний інститут лісового господарства та агролісомеліорації імені Г.М. Висоцького Держлісагентства та НАН України,"H1, Н3, НА",59
11,Сільськогосподарські і ветеринарні науки,18,Наукові доповіді НУБІП України Scientific reports of NULES of Ukraine,Національний університет біоресурсів і природокористування України,"H1, Н2, Н3, НА, HS, H6, Н7",59
11,Сільськогосподарські і ветеринарні науки,19,Аграрні інновації Agrarian Innovations,Інститут кліматично орієнтованого сільського господарства НААН,H1,59
11,Сільськогосподарські і ветеринарні науки,20,Вісник аграрної науки Bulletin of Agricultural Science,Національна академія аграрних наук України,"H1, Н2, Н3, H5, H6, H7",59
11,Сільськогосподарські і ветеринарні науки,21,Вісник аграрної науки Причорномор'я Ukrainian Black Sea region agrarian science,Миколаївський національний аграрний університет,"H1, Н2, Н3, ЧА, Н5, H6, H7",59
11,Сільськогосподарські і ветеринарні науки,22,Селекція i насінництво Plant Breeding and Seed Production,Інститут рослинництва ім. В. Я. Юр'єва НААН,H1,59
11,Сільськогосподарські і ветеринарні науки,23,Зернові культури,ДУ Інститут зернових культур НААН,H1,60
11,Сільськогосподарські і ветеринарні науки,24,Наукові праці Інституту біоенергетичних культур і цукрових буряків,Інститут біоенергетичних культур і цукрових буряків НААН,"H1, НА, Н7",60
11,Сільськогосподарські і ветеринарні науки,25,Новітні агротехнології,Інститут біоенергетичних культур і цукрових буряків НААН,"H1, НА, Н7",60
11,Сільськогосподарські і ветеринарні науки,26,Фітосанітарна безпека,Інститут захисту рослин НААН,"H1, Н3, НА",60
11,Сільськогосподарські і ветеринарні науки,27,Науковий вісник Таврійського державного агротехнологічного університету Scientific Bulletin of Tavria State Agrotechnological University,Таврійський державний агротехнологічний університет імені Дмитра Моторного,"H1, Н7",60
11,Сільськогосподарські і ветеринарні науки,28,Науково-технічний бюлетень Державного науково-дослідного контрольного інституту ветеринарних препаратів та кормових добавок і Інституту біології тварин,Державний науково-дослідний контрольний інститут ветеринарних препаратів та кормових добавок Інститут біології тварин НААН,"Н2, Н5, H6",60
11,Сільськогосподарські і ветеринарні науки,29,Науково-технічний бюлетень Інституту олійних культур НААН,Інститут олійних культур Національної академії аграрних наук України,"H1, Н7",60
11,Сільськогосподарські і ветеринарні науки,30,Технологія виробництва та переробки продукції тваринництва Animal Husbandry Products Production and Processing,Білоцерківський національний аграрний університет,"Н2, Н5",60
11,Сільськогосподарські і ветеринарні науки,31,Вісник Сумського національного аграрного університету. Серія: Агрономія і біологія Bulletin of Sumy National Agrarian University. The series: Agronomy and Biology,Сумський національний аграрний університет,"H1, Н3, НА, Н7",60
11,Сільськогосподарські і ветеринарні науки,32,Scientific Progress & Innovations,Полтавський державний аграрний університет,"H1, H2, H6, H7",60
11,Сільськогосподарські і ветеринарні науки,33,"Подільський вісник: сільське господарство, техніка, економіка",Заклад вищої освіти «Подільський державний університет»,"H1, Н2, H3, H6, H7",60
11,Сільськогосподарські і ветеринарні науки,34,Таврійський науковий вісник. Серія: Сільськогосподарські науки,Херсонський державний аграрно-економічний університет,"H1, Н2, Н3, НА",60
11,Сільськогосподарські і ветеринарні науки,35,Сільськогосподарська мікробіологія,Інститут сільськогосподарської мікробіології та агропромислового виробництва НААН Інститут мікробіології і вірусології ім. Д.К. Заболотного НАН України,H1,61
11,Сільськогосподарські і ветеринарні науки,36,Міжвідомчий тематичний науковий збірник «Зрошуване землеробство» Interagency Thematic Scientific Collection «Irrigated Agriculture»,Інститут кліматично орієнтованого сільського господарства НААН,H1,61
11,Сільськогосподарські і ветеринарні науки,37,Техніко-технологічні аспекти розвитку та випробування нової техніки і технологій для сільського господарства України,ДНУ «Український науково- дослідний інститут прогнозування та випробовування техніки і технологій для сільськогосподарського виробництва імені Леоніда Погорілого»,"H1, Н7",61
11,Сільськогосподарські і ветеринарні науки,38,Садівництво,Інститут садівництва НААН,"H1, Н3, НА, Н7",61
11,Сільськогосподарські і ветеринарні науки,39,Овочівництво і баштанництво Vegetable and Melon Growing,Інститут овочівництва і баштанництва НААН,H1,61
11,Сільськогосподарські і ветеринарні науки,40,"Journal for Veterinary Medicine, Biotechnology and Biosafety",ННЦ «Інститут експериментальної і клінічної ветеринарної медицини» НААН,"H2, H5, H6",61
11,Сільськогосподарські і ветеринарні науки,41,Бджільництво України,ННЦ «Інститут бджільництва імені IT. I. Прокоповича» Інститут біології тварин НААН,"H1, H2, H6",61
11,Сільськогосподарські і ветеринарні науки,42,One Health Journal,Державний науково-дослідний інститут з лабораторної діагностики та ветеринарно-санітарної експертизи Громадська організація «Інститут Єдиного Здоров'я»,"H2, H6",61
11,Сільськогосподарські і ветеринарні науки,43,Агронаука і практика,Інститут сільського господарства Карпатського регіону НААН Національна академія аграрних наук,"H1, H2, H6",61
11,Сільськогосподарські і ветеринарні науки,44,Науково-технічний бюлетень Інституту тваринництва Національної академії аграрних наук України,Інститут тваринництва НААН,"H1, H2, H6",61
11,Сільськогосподарські і ветеринарні науки,45,Вісник Уманського національного університету Bulletin ої Uman National University,Уманський національний університет,"H1, Н3, H4, H7",61
11,Сільськогосподарські і ветеринарні науки,46,Вісник Сумського національного аграрного університету. Серія: Ветеринарна медицина Bulletin of Sumy National Agrarian University. The series: Veterinary Medicine,Сумський національний аграрний університет,H6,62
11,Сільськогосподарські і ветеринарні науки,47,Сільське господарство та лісівництво Agriculture and forestry,Вінницький національний аграрний університет,"H1, НА",62
11,Сільськогосподарські і ветеринарні науки,48,Землеробство та рослинництво: теорія і практика,ННЦ «Інститут землеробства Національної академії аграрних наук України»,H1,62
11,Сільськогосподарські і ветеринарні науки,49,Ветеринарна біотехнологія,Інститут ветеринарної медицини НААН,H6,62
11,Сільськогосподарські і ветеринарні науки,50,Аграрний вісник Причорномор'я Agrarian Bulletin of the Black Sea Littoral,Одеський державний аграрний університет,"H1, H2, H6",62
11,Сільськогосподарські і ветеринарні науки,51,Свинарство і агропромислове виробництво: міжвідомчий тематичний науковий збірник,Інститут свинарства і агропромислового виробництва НААН,"Н2, H6, H7",62
11,Сільськогосподарські і ветеринарні науки,52,Агрохімія і грунтознавство: міжвідомчий тематичний науковий збірник,ННЦ «Інститут грунтознавства та агрохімії імені О. Н. Соколовського» НААН,"H1, H3, НА, Н7",62
11,Сільськогосподарські і ветеринарні науки,53,Розведення і генетика тварин,Інститут розведення і генетики тварин імені М. В. Зубця НААН,Н2,62
11,Сільськогосподарські і ветеринарні науки,54,Корми і кормовиробництво,Інститут кормів та сільського господарства Поділля НААН,H1,62
11,Сільськогосподарські і ветеринарні науки,55,Біоенергетика,Інститут біоенергетичних культур і цукрових буряків НААН,"H1, НА",62
11,Сільськогосподарські і ветеринарні науки,56,Рибогосподарська наука України,Інститут рибного господарства НААН,Н5,62
11,Сільськогосподарські і ветеринарні науки,57,Ветеринарна медицина Veterinary Medicine,HH «Інститут експериментальної і клінічної ветеринарної медицини» НААН,"H2, H5, H6",62
11,Сільськогосподарські і ветеринарні науки,58,Агробіологія Agrobiology,Білоцерківський національний аграрний університет,"H1, H3, НА",62
11,Сільськогосподарські і ветеринарні науки,59,Ефективне кролівництво і звірівництво,Черкаська дослідна станція біоресурсів НААН,"H2, H6",62
11,Сільськогосподарські і ветеринарні науки,60,Сільськогосподарські машини Agricultural machines,Луцький національний технічний університет,H7,62
11,Сільськогосподарські і ветеринарні науки,61,"Ветеринарія, технології тваринництва та природокористування Veterinary science, technologies of animal husbandry and nature management",Державний біотехнологічний університет,"H2, Н5, H6",63
11,Сільськогосподарські і ветеринарні науки,62,Вісник Сумського національного аграрного університету. Серія: Тваринництво Bulletin of Sumy National Agrarian University. The series: Livestock,Сумський національний аграрний університет,Н2,63
11,Сільськогосподарські і ветеринарні науки,63,Вісник Національного університету водного господарства та природокористування. Серія Сільськогосподарські науки,Національний університет водного господарства та природокористування,"H1, НА, Н5, Н7",63
12,"Розвиток людського капіталу, соціальні науки та журналістика",1,Educational Technology Quarterly,"Громадська Організація «A кадемія когнітивних Ta природничих наук», Криворізький державний педагогічний університет, Державний університет «Житомирська політехніка»","A1, АЗ, A4, А5",64
12,"Розвиток людського капіталу, соціальні науки та журналістика",2,Educational Dimension,"Криворізький державний педагогічний університет, Державний університет «Житомирська політехніка»","A1, A4, AS",64
12,"Розвиток людського капіталу, соціальні науки та журналістика",3,Технології здоров'я Health Technologies,"Харківський національний педагогічний університет імені Г.С. Сковороди, Незалежний видавець Жанетта Козіна","AS, A7",64
12,"Розвиток людського капіталу, соціальні науки та журналістика",4,Соціологічні студії Sociological Studios,"Київський національний університет імені Тараса Шевченка, Волинський національний університет імені Лесі Українки",С5,64
12,"Розвиток людського капіталу, соціальні науки та журналістика",5,Інсайт: психологічні виміри суспільства Insight: the psychological dimensions of society,Херсонський державний університет,C4,64
12,"Розвиток людського капіталу, соціальні науки та журналістика",6,Preschool Education: Global Trends,"Університет Григорія Сковороди в Переяславі, Калмикова Лариса Олександрівна, Харченко Наталія Валентинівна, Мисан Інна Володимирівна","C4, A2, A6",64
12,"Розвиток людського капіталу, соціальні науки та журналістика",7,СТЕ Workshop Proceedings,"Громадська Організація «Академія когнітивних та природничих наук», Криворізький державний педагогічний університет, Державний університет «Житомирська політехніка»","A1, A3, A4, A5",64
12,"Розвиток людського капіталу, соціальні науки та журналістика",8,Вісник кафедри ЮНЕСКО «Неперервна професійна освіта ХХІ століття» UNESCO Chair Journal «Lifelong Professional Education in the ХХІ Century»,Інститут педагогічної освіти і освіти дорослих імені Івана Зязюна Національної академії педагогічних наук України,Al,65
12,"Розвиток людського капіталу, соціальні науки та журналістика",9,Educational Challenges,Харківський національний педагогічний університет імені Г.С. Сковороди,"A1, A2, АЗ, А4, A5, A6",65
12,"Розвиток людського капіталу, соціальні науки та журналістика",10,Science Education Quarterly,"Громадська Організація «Академія когнітивних та природничих наук», Криворізький державний педагогічний університет","A1, АЗ, A4, A5",65
12,"Розвиток людського капіталу, соціальні науки та журналістика",11,Політичні дослідження Political Studies,"Інститут політичних і етнонаціональних досліджень ім. І. Ф. Кураса Національної академії наук України, Президія Національної академії наук України",С2,65
12,"Розвиток людського капіталу, соціальні науки та журналістика",12,Неперервна професійна освіта: теорія і практика Continuing Professional Education: Theory and Practice,"Київський столичний університет імені Бориса Грінченка, Благодійний фонд ім. Антона Макаренка","A1, A2, A3, А5, A6",65
12,"Розвиток людського капіталу, соціальні науки та журналістика",13,Освітологічний дискурс Educological discourse,Київський столичний університет імені Бориса Грінченка,"A1, A6",65
12,"Розвиток людського капіталу, соціальні науки та журналістика",14,Наукові студії із соціальної та політичної психології Scientific Studios on Social and Political Psychology,Інститут соціальної та політичної психології Національної академії педагогічних наук України,C4,65
12,"Розвиток людського капіталу, соціальні науки та журналістика",15,"Цифрова платформа: інформаційні технології в соціокультурній сфері, Digital platform: information technology in the sociocultural area",Київський національний університет культури і мистецтв,"B13, Al",65
12,"Розвиток людського капіталу, соціальні науки та журналістика",16,Український психоаналітичний журнал / Ukrainian Psychoanalytic Journal,Громадська спілка «Національна психологічна асоціація»,C4,65
12,"Розвиток людського капіталу, соціальні науки та журналістика",17,Міжнародний науковий журнал «Університети і лідерство» International Scientific Journal ої Universities and Leadership,"Інститут вищої освіти Національної академії педагогічних наук України, Національний університет «Київський авіаційний інститут»",Al,65
12,"Розвиток людського капіталу, соціальні науки та журналістика",18,Відкрита наука та інновації,Державна науково-технічна бібліотека України,"A1, АЗ, B13, C5, C7",65
12,"Розвиток людського капіталу, соціальні науки та журналістика",19,Український соціум Ukrainian Society,"Державна установа «Інститут економіки Ta прогнозування Національної академії наук України», Громадська організація «Український інститут соціальних досліджень імені Олександра Яременка», Інститут демографії та досліджень якості життя імені Михайла Птухи Національної академії наук України, Громадська організація «Центр «Соціальний моніторинг»","A1, 10, C2, C3, C5, C6",66
12,"Розвиток людського капіталу, соціальні науки та журналістика",20,"Соціологія: теорія, методи, маркетинг Sociology: Theory, Methods, Marketing",Інститут соціології НАН України,С5,66
12,"Розвиток людського капіталу, соціальні науки та журналістика",21,The Modern Higher Education Review,Київський столичний університет імені Бориса Грінченка,"A1, А5",66
12,"Розвиток людського капіталу, соціальні науки та журналістика",22,Академічні візії,"Заклад вищої освіти «Львівський університет бізнесу та права», Міжнародний антикримінальний і антитерористичний комітет Львівської області","A1, А2, A3, A4, А, A6, A7, C2, C3, C4, C5, Сб",66
12,"Розвиток людського капіталу, соціальні науки та журналістика",23,Вісник Військового інституту Київського національного університету імені Тараса Шевченка. Військово-спеціальні науки Bulletin of Taras Shevchenko National University of Kyiv. Military-special sciences,Київський національний університет імені Тараса Шевченка,"A1, А5, A6, C2, C3, C4, Co, C7, по",66
12,"Розвиток людського капіталу, соціальні науки та журналістика",24,Часопис соціально-економічної географії,Харківський національний університет імені В. Н. Каразіна,Сб,66
12,"Розвиток людського капіталу, соціальні науки та журналістика",25,Економічна та соціальна географія,Київський національний університет імені Тараса Шевченка,C6,66
12,"Розвиток людського капіталу, соціальні науки та журналістика",26,Актуальні питання масової комунікації Current Issues of Mass Communication,Київський національний університет імені Тараса Шевченка,C7,66
12,"Розвиток людського капіталу, соціальні науки та журналістика",27,Scientia et societus,Уківерситет Григорія Сковороди в Переяславі,Al,66
12,"Розвиток людського капіталу, соціальні науки та журналістика",28,"Освіта дорослих: теорія, досвід, перспективи",Інститут педагогічної освіти і освіти дорослих імені Івана Зязюна Національної академії педагогічних наук України,"A1, A5",67
12,"Розвиток людського капіталу, соціальні науки та журналістика",29,Український педагогічний журнал Ukrainian Educational Journal,Інститут педагогіки Національної академії педагогічних наук України,"A1, А2, A3, A4, A5, A6, C4",67
12,"Розвиток людського капіталу, соціальні науки та журналістика",30,Професійна педагогіка Professional pedagogics,Інститут професійної освіти Національної академії педагогічних наук України,"A1, AS",67
12,"Розвиток людського капіталу, соціальні науки та журналістика",31,Педагогічний дискурс Pedagogical Discourse,"Хмельницька гуманітарно-педагогічна академія, Інститут педагогіки Національної академії педагогічних наук України","A1, A2, A3",67
12,"Розвиток людського капіталу, соціальні науки та журналістика",32,Науковий вісник Мукачівського державного університету. Серія «Педагогіка та психологія» «Scientific Bulletin of Mukachevo State University. Series «Pedagogy and Psychology»,Мукачівський державний університет,"A1, A2, A3, A4, A5, A6, C4",67
12,"Розвиток людського капіталу, соціальні науки та журналістика",33,"Фізична культура, спорт та здоров'я нації",Вінницький державний педагогічний університет імені Михайла Коцюбинського,"A4, A7",67
12,"Розвиток людського капіталу, соціальні науки та журналістика",34,Відкрите освітнє е-середовище сучасного університету Open educational e-environment of modern University,Київський столичний університет імені Бориса Грінченка,Al,67
12,"Розвиток людського капіталу, соціальні науки та журналістика",35,Спортивні ігри Sports games,Харківська державна академія фізичної культури,"A4, A7",67
12,"Розвиток людського капіталу, соціальні науки та журналістика",36,Психологічний часопис,"Інститут психології імені Г. С. Костюка Національної академії педагогічних наук України, Асоціація сприяння наукам та інноваціям (Association for the Promotion of Science and Innovation, France)",C4,67
12,"Розвиток людського капіталу, соціальні науки та журналістика",37,Наукові записки НАУКМА. Соціологія,Національний університет «Києво-Могилянська академія»,С5,67
12,"Розвиток людського капіталу, соціальні науки та журналістика",38,Інтегровані комунікації Integrated communications,Київський столичний університет імені Бориса Грінченка,С7,67
12,"Розвиток людського капіталу, соціальні науки та журналістика",39,Проблеми інженерно-педагогічної освіти Problems of Engineering Pedagogic Education,Харківський національний університет імені В. Н. Каразіна,"A1, A5, ПО",67
12,"Розвиток людського капіталу, соціальні науки та журналістика",40,Вісник Прикарпатського університету. Серія: Фізична культура Newsletter of Precarpathian University. Physical Culture,Карпатський національний університет імені Василя Стефаника,"A4, A7",68
12,"Розвиток людського капіталу, соціальні науки та журналістика",41,Молодь i ринок,Дрогобицький державний педагогічний університет імені Івана Франка,"A1, A2, АЗ, A4, А5, A6",68
12,"Розвиток людського капіталу, соціальні науки та журналістика",42,Alfred Nobel University Journal of Pedagogy and Psychology,Вищий навчальний заклад «Університет імені Альфреда Нобеля»,"A1, A4, A5, C4",68
12,"Розвиток людського капіталу, соціальні науки та журналістика",43,Social Work and Education,"Тернопільський національний педагогічний університет імені Володимира Гнатюка, Громадська організація «Центр соціального розвитку та інновацій»","Ail, A5, ПО",68
12,"Розвиток людського капіталу, соціальні науки та журналістика",44,Наукові записки Малої академії наук України Scientific Notes of Junior Academy of Sciences of Ukraine,Національний центр «Мала академія наук України»,"A1, A3, A4, A5, C6, B13",68
12,"Розвиток людського капіталу, соціальні науки та журналістика",45,"Фізичне виховання, спорт i здоров'я культура у сучасному суспільстві",Волинський національний університет імені Лесі Українки,"A1, A4, A7",68
12,"Розвиток людського капіталу, соціальні науки та журналістика",46,Спортивний вісник Придніпров'я Sportyvnyi Visnyk Prydniprovia Prydniprovia Journal of Sports Science,Український державний університет науки і технологій,А?,68
12,"Розвиток людського капіталу, соціальні науки та журналістика",47,Історико-політичні проблеми сучасного світу,Чернівецький національний університет імені Юрія Федьковича,"C2, C3",68
12,"Розвиток людського капіталу, соціальні науки та журналістика",48,Acta де Historia & Politica: Saeculum ХХІ,Чорноморський національний університет імені Петра Могили,"C2, C3",68
12,"Розвиток людського капіталу, соціальні науки та журналістика",49,Наукові записки Вінницького державного педагогічного університету імені Михайла Коцюбинського. Серія: педагогіка і психологія,Вінницький державний педагогічний університет імені Михайла Коцюбинського,"A1, А5, C4, 110",68
12,"Розвиток людського капіталу, соціальні науки та журналістика",50,"Медіафорум: аналітика, прогнози, інформаційний менеджмент Mediaforum: Analytics, Forecasts, Information Management",Чернівецький національний університет імені Юрія Федьковича,"C2, C3",68
12,"Розвиток людського капіталу, соціальні науки та журналістика",51,Образ Obraz,Сумський державний університет,С7,69
12,"Розвиток людського капіталу, соціальні науки та журналістика",52,Український журнал з бібліотекознавства та інформаційних наук Ukrainian Journal on Library and Information Science,Київський національний університет культури і мистецтв,ВІЗ,69
12,"Розвиток людського капіталу, соціальні науки та журналістика",53,Освіта Ta розвиток обдарованої особистості,"Інститут обдарованої дитини Національної академії педагогічних наук України, Національна академія педагогічних наук України, Інститут психології імені Г. С. Костюка Національної академії педагогічних наук України","A1, A2, АЗ, A4, A5, A6, A7, C4",69
12,"Розвиток людського капіталу, соціальні науки та журналістика",54,"Професійна освіта: методологія, теорія та технології Professional Education: Methodology, Theory and Technologies",Університет Григорія Сковороди в Переяславі,А5,69
12,"Розвиток людського капіталу, соціальні науки та журналістика",55,Теорія i практика фізичної культури і спорту Theory and practice of physical culture and sports,Університет Григорія Сковороди в Переяславі,"А4, А7",69
12,"Розвиток людського капіталу, соціальні науки та журналістика",56,Порівняльна професійна педагогіка,Хмельницький національний університет Інститут педагогічної освіти і освіти дорослих імені Івана Зязюна Національної академії педагогічних наук України,"A1, A4, A5",69
12,"Розвиток людського капіталу, соціальні науки та журналістика",57,Педагогічна освіта: теорія і практика. Психологія. Педагогіка.,Київський столичний університет імені Бориса Грінченка,"A1, А2, A3, A5, СА",69
12,"Розвиток людського капіталу, соціальні науки та журналістика",58,Гірська школа Українських Карпат Mountain School of Ukrainian Carpaty,Карпатський національний університет імені Василя Стефаника,"A1, А2, A3, A4, A5, A6, A7",69
12,"Розвиток людського капіталу, соціальні науки та журналістика",59,Викладання MOB у вищих навчальних закладах освіти Ha сучасному етапі. Міжпредметні зв'язки Teaching Languages at Higher Educational Establishments at the Present Stage. Intersubject Relations,Харківський національний університет імені В. Н. Каразіна,Al,69
12,"Розвиток людського капіталу, соціальні науки та журналістика",60,Харківського університету В. Н. Каразіна. Серія політології» Journal of У. N. Karazin National University. «Issues of Political,Харківський національний університет імені В. Н. Каразіна,С2,70
12,"Розвиток людського капіталу, соціальні науки та журналістика",61,консультування і Counseling and,Харківський національний університет імені В. Н. Каразіна,СА,70
12,"Розвиток людського капіталу, соціальні науки та журналістика",62,та політологія в сучасної культури and political science the context of modern culture,Дніпровський національний університет імені Олеся Гончара,"C2, C3, C5, ВІЗ",70
12,"Розвиток людського капіталу, соціальні науки та журналістика",63,праці Міжрегіональної управління Педагогічні науки Works of Interregional of Personnel Pedagogical,Приватне акціонерне товариство «Вищий навчальний заклад Міжрегіональна академія управління персоналом»,"A1, A2, A3, A4, A5, A6, А7",70
12,"Розвиток людського капіталу, соціальні науки та журналістика",64,освіта and mathematical,Сумський державний педагогічний університет імені A. С. Макаренка,"A1, A4, А5",70
12,"Розвиток людського капіталу, соціальні науки та журналістика",65,Львівського Серія географічна,Львівський національний університет імені Івана Франка,C6,70
12,"Розвиток людського капіталу, соціальні науки та журналістика",66,та особистість and Personality,Полтавський національний педагогічний університет імені В. Г. Короленка,СА,70
12,"Розвиток людського капіталу, соціальні науки та журналістика",67,проблеми дітей та учнівської and Methodical of Children and Youth,Інститут проблем виховання Національної академії педагогічних наук України,"A1, A7, ПО",70
12,"Розвиток людського капіталу, соціальні науки та журналістика",68,обрії Horizons,"Івано-Франківський обласний інститут післядипломної педагогічної освіти, Карпатський національний університет імені Василя Стефаника","A1, A2, A3, A4, AS5, A6, A7",70
12,"Розвиток людського капіталу, соціальні науки та журналістика",69,соціальна робота та and Social Work,Одеський національний університет імені I. І. Мечникова,"C4, 110",70
12,"Розвиток людського капіталу, соціальні науки та журналістика",70,Збірник наукових праць Національної академії Державної прикордонної служби України. Серія: педагогічні науки,Національна академія Державної прикордонної служби України імені Богдана Хмельницького (військова частина 9960),"A1, A5",71
12,"Розвиток людського капіталу, соціальні науки та журналістика",71,Український психологічний журнал,Київський національний університет імені Тараса Шевченка,"C4, 110",71
12,"Розвиток людського капіталу, соціальні науки та журналістика",72,Соціум. Документ. Комунікація Society. Document. Communication,Університет Григорія Сковороди в Переяславі,"A5, B13, C7",71
12,"Розвиток людського капіталу, соціальні науки та журналістика",73,Наукові записки Інституту журналістики Scientific Notes of the Institute of Journalism,Київський національний університет імені Тараса Шевченка,C7,71
12,"Розвиток людського капіталу, соціальні науки та журналістика",74,Психологічні студії Psychological Studies»,Волинський національний університет імені Лесі Українки,C4,71
12,"Розвиток людського капіталу, соціальні науки та журналістика",75,Освіта. Інноватика. Практика Education. Innovation. Practice,Сумський державний педагогічний університет імені A. С. Макаренка,"A1, A3, A4, A5, A6, A7",71
12,"Розвиток людського капіталу, соціальні науки та журналістика",76,Освітня аналітика України Educational Analytics of Ukraine,Державна наукова установа «Інститут освітньої аналітики»,"A1, A2, A3, A4, A5, A6, C3",71
12,"Розвиток людського капіталу, соціальні науки та журналістика",77,Природнича освіта та наука Natural Sciences Education and Research,Рівненський державний гуманітарний університет,"A1, A4, A5, A7, C6",71
12,"Розвиток людського капіталу, соціальні науки та журналістика",78,Медична освіта Medical Education,Тернопільський національний медичний університет імені I. Я. Горбачевського Міністерства охорони здоров'я України,"AS, A6",71
12,"Розвиток людського капіталу, соціальні науки та журналістика",79,Іноземні мови,Київський національний лінгвістичний університет,"A1, A4, А5",71
12,"Розвиток людського капіталу, соціальні науки та журналістика",80,Наукові записки кафедри педагогіки Scientific Notes of the Pedagogical Department,Харківський національний університет імені В. Н. Каразіна,"A1, АЗ, A4, А5",71
12,"Розвиток людського капіталу, соціальні науки та журналістика",81,Науковий часопис Українського державного університету імені Михайла Драгоманова. Серія 19. Корекційна педагогіка та спеціальна психологія,Український державний університет імені Михайла Драгоманова,"A6, C4",71
12,"Розвиток людського капіталу, соціальні науки та журналістика",82,Вісник Київського національного університету імені Тараса Шевченка. Соціальна робота Bulletin of Taras Shevchenko National University of Kyiv. Social Work,Київський національний університет імені Тараса Шевченка,"A1, 10, C4",72
12,"Розвиток людського капіталу, соціальні науки та журналістика",83,Вісник Харківського національного університету імені В.Н. Каразіна. Серія «Психологія» Visnyk ої У. N. Karazin Kharkiv National University. Series Psychology,Харківський національний університет імені В. Н. Каразіна,СА,72
12,"Розвиток людського капіталу, соціальні науки та журналістика",84,Теорія та методика навчання та виховання,Харківський національний педагогічний університет імені Г. С. Сковороди,"A1, А2, АЗ, A4, A5, A6",72
12,"Розвиток людського капіталу, соціальні науки та журналістика",85,Acta Academiae Beregsasiensis. Geographica et Recreatio,Закарпатський угорський університет імені Ференца Ракоці II,C6,72
12,"Розвиток людського капіталу, соціальні науки та журналістика",86,Психологія i суспільство,Західноукраїнський національний університет,C4,72
12,"Розвиток людського капіталу, соціальні науки та журналістика",87,Гуманітарний форум Humanitarian Forum,Наукова установа «Науково-дослідний центр сталого розвитку»,"A1, А2, A3, А5, A7, C4",72
12,"Розвиток людського капіталу, соціальні науки та журналістика",88,Естетика і етика педагогічної дії,Полтавський національний педагогічний університет імені В.Г. Короленка Інститут педагогічної освіти і освіти дорослих імені Івана Зязюна Національної академії педагогічних наук України,"A1, A4",72
12,"Розвиток людського капіталу, соціальні науки та журналістика",89,Проблеми сучасних трансформацій. Серія: педагогіка та психологія Problems of Modern Transformations. Series: Pedagogy and Psychology,Громадська організація «Науково-освітній інноваційний центр суспільних трансформацій»,"A1, А5, C2, C4, C5",72
12,"Розвиток людського капіталу, соціальні науки та журналістика",90,Мистецтво та освіта,"Інститут проблем виховання Національної академії педагогічних наук України, Інститут обдарованої дитини Національної академії педагогічних наук України","A1, А2, A3, A4, AS",72
12,"Розвиток людського капіталу, соціальні науки та журналістика",91,Актуальні питання корекційної освіти (педагогічні науки),Кам'янець-Подільський національний університет імені Івана Огієнка,A6,73
12,"Розвиток людського капіталу, соціальні науки та журналістика",92,Україна дипломатична Diplomatic Ukraine,Державне підприємство «Генеральна дирекція з обслуговування іноземних представництв»,"C2, C3",73
12,"Розвиток людського капіталу, соціальні науки та журналістика",93,Вісник Львівського університету. Серія соціологічна Visnyk ої the Lviv University. Series Sociology,Львівський національний університет імені Івана Франка,C5,73
12,"Розвиток людського капіталу, соціальні науки та журналістика",94,Communications and Communicative Technologies,Дніпровський національний університет імені Олеся Гончара,C7,73
12,"Розвиток людського капіталу, соціальні науки та журналістика",95,"Духовність особистості: методологія, теорія і практика Spirituality of a Personality: Theory, Methodology апа Practice",Східноукраїнський національний університет імені Володимира Даля,"A1, A2, A3, А4, A5, A6, A7",73
12,"Розвиток людського капіталу, соціальні науки та журналістика",96,"Міжнародні відносини, суспільні комунікації та регіональні студії",Волинський національний університет імені Лесі Українки,"С2, C3",73
12,"Розвиток людського капіталу, соціальні науки та журналістика",97,"Гуманітарні студії: педагогіка, психологія, філософія Humanitarian Studios: Pedagogics, Psychology, Philosophy",Національний університет біоресурсів і природокористування України,"A1, A5, C4, 110",73
12,"Розвиток людського капіталу, соціальні науки та журналістика",98,Записки Львівської національної наукової бібліотеки України імені В. Стефаника Proceedings of Vasyl Stefanyk National Scientific Library of Ukraine in Lviv,"Львівська національна наукова бібліотека України імені В. Стефаника, Національна академія наук України",ВІЗ,73
12,"Розвиток людського капіталу, соціальні науки та журналістика",99,Вісник Луганського національного університету імені Тараса Шевченка. Педагогічні науки Bulletin of Luhansk Taras Shevchenko National University. Pedagogical Sciences,Державний заклад «Луганський національний університет імені Тараса Шевченка»,"АТ, А2, АЗ, A4, A5, A6, 110",73
12,"Розвиток людського капіталу, соціальні науки та журналістика",100,Збірник наукових праць «Проблеми сучасної психології» Collection of Research Papes «Problems of Modern Psychology,Кам'янець-Подільський національний університет імені Івана Огієнка,СА,74
12,"Розвиток людського капіталу, соціальні науки та журналістика",101,Наукові записки Тернопільського національного педагогічного університету імені Володимира Гнатюка. Серія: педагогіка The Scientific Issues ої Ternopil Volodymyr Hnatiuk National Pedagogical University. Series: pedagogy,Тернопільський національний педагогічний університет імені Володимира Гнатюка,"A1, A2, A3, A4, А5, A6, A7",74
12,"Розвиток людського капіталу, соціальні науки та журналістика",102,Вісник Національного університету «Львівська політехніка»: журналістика Bulletin of Lviv Polytechnic National University: journalism,Національний університет «Львівська політехніка»,C7,74
12,"Розвиток людського капіталу, соціальні науки та журналістика",103,Бібліотекознавство. Документознавство. Інформологія Library Science. Record Studies. Informology,Національна академія керівних кадрів культури і мистецтв,ВІЗ,74
12,"Розвиток людського капіталу, соціальні науки та журналістика",104,Новий Колегіум New Collegium,Харківський національний педагогічний університет імені Г.С. Сковороди,"A1, A2, A3, A4, A5, A6",74
12,"Розвиток людського капіталу, соціальні науки та журналістика",105,Мистецтво лінгводидактики Ars Linguodidacticae,Київський національний університет імені Тараса Шевченка,"A1, A4, A5, A6",74
12,"Розвиток людського капіталу, соціальні науки та журналістика",106,Академічні студії. Серія «Педагогіка» Academic Studies. Series «Pedagogy»,Комунальний заклад вищої освіти «Луцький педагогічний інститут» Волинської обласної ради,"A1, А2, A3, А5, A7",74
12,"Розвиток людського капіталу, соціальні науки та журналістика",107,Науковий часопис Українського державного університету імені Михайла Драгоманова. Серія 15. Науково-педагогічні проблеми фізичної культури (фізична культура і спорт),Український державний університет імені Михайла Драгоманова,"A1, А?",74
12,"Розвиток людського капіталу, соціальні науки та журналістика",108,Соціальна робота соціальна та освіта,Уманський державний педагогічний університет імені Павла Тичини,"A1, A5, ПО",74
12,"Розвиток людського капіталу, соціальні науки та журналістика",109,Науковий вісник Південноукраїнського національного педагогічного університету імені К. Д. Ушинського Scientific bulletin of South Ukrainian National Pedagogical University named after K. D.Ushynsky,Державний заклад «Південноукраїнський національний педагогічний університет імені К. Д. Ушинського»,"A1, А2, A3, A4, А5, A6, ПО",75
12,"Розвиток людського капіталу, соціальні науки та журналістика",110,Вісник Донецького національного університету імені Василя Стуса. Серія політичні науки,Донецький національний університет імені Василя Стуса,"С2, C3",75
12,"Розвиток людського капіталу, соціальні науки та журналістика",111,Гуманітарні візії Humanitarian Vision,Національний університет «Львівська політехніка»,"C2, C3",75
12,"Розвиток людського капіталу, соціальні науки та журналістика",112,Засоби навчальної та науково-дослідної роботи Means of educational and research work,Харківський національний педагогічний університет імені Г.С. Сковороди,"A1, A2, A3, A4, A5, A6",75
12,"Розвиток людського капіталу, соціальні науки та журналістика",113,Ввічливість. Humanitas,Волинський національний університет імені Лесі Українки,по,75
12,"Розвиток людського капіталу, соціальні науки та журналістика",114,Наукові записки (серія педагогічні науки) Science Notes (series pedagogical sciences),Український державний університет імені Михайла Драгоманова,"A1, A2, A3, A4, A5, A6",75
12,"Розвиток людського капіталу, соціальні науки та журналістика",115,Журнал крос-культурної освіти,Вінницький державний педагогічний університет імені Михайла Коцюбинського,"A4, AS",75
12,"Розвиток людського капіталу, соціальні науки та журналістика",116,"Вісник Київського національного університету імені Тараса Шевченка, серія Географія Bulletin of Taras Shevchenko National University of Kyiv, series in Geography",Київський національний університет імені Тараса Шевченка,C6,75
12,"Розвиток людського капіталу, соціальні науки та журналістика",117,Наукові записки Сумського державного педагогічного університету імені А. С. Макаренка. Географічні науки Scientific Notes of Sumy State Pedagogical University named after A. S. Makarenko. Geographical Sciences,Сумський державний педагогічний університет імені А. С. Макаренка,C6,75
12,"Розвиток людського капіталу, соціальні науки та журналістика",118,Педагогічні науки Pedagogical Sciences,Полтавський національний педагогічний університет імені В. Г. Короленка,"A1, A2, A3, A4, A5, A6, A7, ПО",76
12,"Розвиток людського капіталу, соціальні науки та журналістика",119,Науково-педагогічні студії,"Державна науково-педагогічна бібліотека України імені В. О. Сухомлинського, Хмельницька гуманітарно-педагогічна академія",Al,76
12,"Розвиток людського капіталу, соціальні науки та журналістика",120,Педагогічний альманах,Комунальний вищий навчальний заклад «Херсонська академія неперервної освіти» Херсонської обласної ради,"A1, A3, A4, AS",76
12,"Розвиток людського капіталу, соціальні науки та журналістика",121,Теоретичні і прикладні проблеми психології та соціальної роботи Theoretical and applied problems of psychology and social work,Східноукраїнський національний університет імені Володимира Даля,"ПО, C4",76
12,"Розвиток людського капіталу, соціальні науки та журналістика",122,Політологічний вісник Politology Bulletin,Київський національний університет імені Тараса Шевченка,"C2, C4, C3",76
12,"Розвиток людського капіталу, соціальні науки та журналістика",123,Юридична психологія Legal Psychology,Національна академія внутрішніх справ,C4,76
12,"Розвиток людського капіталу, соціальні науки та журналістика",124,Personality and Environmental Issues,Вінницький державний педагогічний університет імені Михайла Коцюбинського,"14, C4",76
12,"Розвиток людського капіталу, соціальні науки та журналістика",125,Адаптивне управління: теорія i практика,"Громадська організація «Школа адаптивного управління соціально-педагогічними системами», Полтавський національний педагогічний університет імені В. Г. Короленка","A1, A5, C3, ПО",76
12,"Розвиток людського капіталу, соціальні науки та журналістика",126,"Дидактика математики: теорія, досвід, інновації / Didactics of mathematics: theory, experience, innovations",Вінницький державний педагогічний університет імені Михайла Коцюбинського,A4,76
12,"Розвиток людського капіталу, соціальні науки та журналістика",127,«Вісник післядипломної освіти: збірник наукових праць. Серія «Педагогічні науки»,Державний заклад вищої освіти «Університет менеджменту освіти»,"A1, A4, A5, C4",76
12,"Розвиток людського капіталу, соціальні науки та журналістика",128,Теорія і практика управління соціальними системами / Theory and Practice ої Social Systems Management,Національний технічний університет «Харківський політехнічний інститут»,"A1, C4, С5",77
12,"Розвиток людського капіталу, соціальні науки та журналістика",129,ScienceRise: Pedagogical Education,"Приватне підприємство «Технологічний центр», Державний заклад вищої освіти «Університет менеджменту освіти» Національної академії педагогічних наук України","A1, A2, A3, A4, A5, A6",77
12,"Розвиток людського капіталу, соціальні науки та журналістика",130,Витоки педагогічної майстерності / The Sources of Pedagogical Skills,Полтавський національний педагогічний університет імені В. Г. Короленка,"A1, A2, A5, A6, А?""",77
12,"Розвиток людського капіталу, соціальні науки та журналістика",131,Olympicus,Державний заклад «Південноукраїнський національний педагогічний університет імені K. J]. Ушинського»,"A4, А5, A6, A7",77
12,"Розвиток людського капіталу, соціальні науки та журналістика",132,Єдиноборства Martial arts»,Харківська державна академія фізичної культури,"A4, A7",77
12,"Розвиток людського капіталу, соціальні науки та журналістика",133,Наука і освіта Science and Education,Державний заклад «Південноукраїнський національний педагогічний університет імені К. Д. Ушинського»,"A1, A2, АЗ, A4, A5, A6, C4, ПО",77
12,"Розвиток людського капіталу, соціальні науки та журналістика",134,Науковий вісник Ужгородського університету. Серія: Педагогіка. Соціальна робота Scientific Bulletin of Uzhhorod University. Series: Pedagogy. Social Work,Державний вищий навчальний заклад «Ужгородський національний університет»,"A1, A2, A3, A4, A5, A6, ПО",77
12,"Розвиток людського капіталу, соціальні науки та журналістика",135,Міжнародні та політичні дослідження International and Political Studies,Одеський національний університет імені І. І. Мечникова,"C2, C3, C6",77
12,"Розвиток людського капіталу, соціальні науки та журналістика",136,Вісник Харківської державної академії культури,ХАРКІВСЬКА ДЕРЖАВНА АКАДЕМІЯ КУЛЬТУРИ,ВІЗ,77
12,"Розвиток людського капіталу, соціальні науки та журналістика",137,Вісник Національного університету оборони України Bulletin of National Defense University of Ukraine,Національний університет оборони України,СА,78
12,"Розвиток людського капіталу, соціальні науки та журналістика",138,Музичне мистецтво в освітологічному дискурсі Musical Art in the Educological Discourse,Київський столичний університет імені Бориса Грінченка,"A1, A4",78
12,"Розвиток людського капіталу, соціальні науки та журналістика",139,Соціальна педагогіка: теорія та практика Social Pedagogy: Theory and Practice,Державний заклад «Луганський національний університет імені Тараса Шевченка»,"A1, A3, A5, A6, по",78
12,"Розвиток людського капіталу, соціальні науки та журналістика",140,Освіта та педагогічна наука Education and pedagogical sciences,Державний заклад «Луганський національний університет імені Тараса Шевченка»,"A1, A2, A3, A4, A5, 110",78
12,"Розвиток людського капіталу, соціальні науки та журналістика",141,Агора. Журнал соціальних наук Agora. Social Sciences Journal,Національний університет «Острозька академія»,С2,78
12,"Розвиток людського капіталу, соціальні науки та журналістика",142,Вісник Київського національного університету імені Тараса Шевченка Психологія «Bulletin of Taras Shevchenko National University of Kyiv. Psychology»,Київський національний університет імені Тараса Шевченка,СА,78
12,"Розвиток людського капіталу, соціальні науки та журналістика",143,Бібліотечний вісник,"Національна бібліотека України імені В. І. Вернадського, Національна гкадемія наук України",ВІЗ,78
12,"Розвиток людського капіталу, соціальні науки та журналістика",144,Проблеми політичної психології Problems of Political Psychology,"Інститут соціальної та політичної психології Національної академії педагогічних наук України, Асоціація політичних психологів України",C4,78
12,"Розвиток людського капіталу, соціальні науки та журналістика",145,Спортивна наука та здоров'я людини Sport Science and Human Health,Київський столичний університет імені Бориса Грінченка,A7,78
12,"Розвиток людського капіталу, соціальні науки та журналістика",146,Наукові записки Львівського державного університету безпеки життєдіяльності. Педагогіка і психологія Scientific Notes ої Lviv State University of Life Safety. Pedagogy and Psychology,Львівський державний університет безпеки життєдіяльності,"A1, A5, A7, C4",79
12,"Розвиток людського капіталу, соціальні науки та журналістика",147,Наукові записки. Серія: Психологія Research Bulletin. Series: Psychology,Центральноукраїнський державний університет імені Володимира Винниченка,СА,79
12,"Розвиток людського капіталу, соціальні науки та журналістика",148,Науковий вісник Ужгородського національного університету. Серія: Психологія Uzhhorod National University Herald. Series: Psychology,Державний вищий навчальний заклад «Ужгородський національний університет»,СА,79
12,"Розвиток людського капіталу, соціальні науки та журналістика",149,Волинський педагогічний часопис Acta Paedagogika Volynienses,Волинський національний університет імені Лесі Українки,"A1, A2, A3, A6",79
12,"Розвиток людського капіталу, соціальні науки та журналістика",150,Інноваційна педагогіка Innovative Pedagogy,Причорноморський науково-дослідний інститут економіки та інновацій,"A1, А2, A3, A4, А5, A6",79
12,"Розвиток людського капіталу, соціальні науки та журналістика",151,Наукові праці Національної бібліотеки України імені В. І. Вернадського,Національна бібліотека України імені В. І. Вернадського,ВІЗ,79
12,"Розвиток людського капіталу, соціальні науки та журналістика",152,Політичне життя Political life,Донецький національний університет імені Василя Стуса,"C2, C3",79
12,"Розвиток людського капіталу, соціальні науки та журналістика",153,Технології інтелекту розвитку,Інститут психології імені Г. С. Костюка НАПН України,C4,79
12,"Розвиток людського капіталу, соціальні науки та журналістика",154,"Вісник Кам'янець-Подільського національного університету імені Івана Огієнка. Фізичне виховання, спорт і здоров'я людини",Кам'янець-Подільський національний університет імені Івана Огієнка,"A4, A7",79
12,"Розвиток людського капіталу, соціальні науки та журналістика",155,Фізичне виховання та спорт Physical Education and Sports,Запорізький національний університет,"A1, A4, A7",79
12,"Розвиток людського капіталу, соціальні науки та журналістика",156,Інклюзія і суспільство Inclusion and Society,Навчально-реабілітаційний заклад вищої освіти «Кам'янець-Подільський державний інститут»,"A1, A3, A5, A6, C4",79
12,"Розвиток людського капіталу, соціальні науки та журналістика",157,Науковий часопис Українського державного університету імені Михайла Драгоманова. Серія 2. Комп'ютерно-орієнтовані системи навчання,Український державний університет імені Михайла Драгоманова,"A1, A4, A5",80
12,"Розвиток людського капіталу, соціальні науки та журналістика",158,Психолого-педагогічні проблеми сучасної школи,Уманський державний педагогічний університет імені Павла Тичини,"A1, A2, A3, A4, A5, A6",80
12,"Розвиток людського капіталу, соціальні науки та журналістика",159,Олімпійський та паралімпійський спорт / Olympic and Paralympic Sports,Сумський державний педагогічний університет імені А. С. Макаренка,"А4, A7",80
12,"Розвиток людського капіталу, соціальні науки та журналістика",160,Організаційна психологія. Економічна психологія,"Інститут психології імені Г. С. Костюка НАПН України, Українська Асоціація організаційних психологів та психологів праці",СА,80
12,"Розвиток людського капіталу, соціальні науки та журналістика",161,"Вісник Харківського національного університету імені В. Н. Каразіна. Серія «Соціологічні дослідження сучасного суспільства: методологія, теорія, методи» Visnyk of У. М. Karazin Kharkiv National University. Series Sociological Studies of Contemporary Society: Methodology, Theory, Methods",Харківський національний університет імені В. Н. Каразіна,C5,80
12,"Розвиток людського капіталу, соціальні науки та журналістика",162,Збірник наукових праць Уманського державного педагогічного університету,Уманський державний педагогічний університет імені Павла Тичини,"A1, А2, A3, A4, A5, A6",80
12,"Розвиток людського капіталу, соціальні науки та журналістика",163,Вісник Львівського університету. Серія педагогічна Visnyk of the Lviv University. Series Pedagogics,Львівський національний університет імені Івана Франка,"A1, A2, A3, А4, A6, ПО",80
12,"Розвиток людського капіталу, соціальні науки та журналістика",164,Мистецтвов культурі сучасності: теорія та практика навчання,Вінницький державний педагогічний університет імені Михайла Коцюбинського,"A1, A4, A5",80
12,"Розвиток людського капіталу, соціальні науки та журналістика",165,Імідж сучасного педагога Image ої the modern pedagogue,"Полтавська академія неперервної освіти ім. М. В. Остроградського, Інститут педагогічної освіти і освіти дорослих імені Івана Зязюна НАПН України",Al,81
12,"Розвиток людського капіталу, соціальні науки та журналістика",166,Empirio,Національний університет «Києво-Могилянська академія»,"C2, C3",81
12,"Розвиток людського капіталу, соціальні науки та журналістика",167,Психологічні перспективи,Волинський національний університет імені Лесі Українки,СА,81
12,"Розвиток людського капіталу, соціальні науки та журналістика",168,Волинський часопис безпеки Acta Securitatae Volynienses,Волинський національний університет імені Лесі Українки,"C2, C3",81
12,"Розвиток людського капіталу, соціальні науки та журналістика",169,Географічний часопис Волинського національного університету імені Лесі Українки,Волинський національний університет імені Лесі Українки,Сб,81
12,"Розвиток людського капіталу, соціальні науки та журналістика",170,Проблеми екстремальної та кризової психології Disaster and crisis psychology problems,Національний університет цивільного захисту України,C4,81
12,"Розвиток людського капіталу, соціальні науки та журналістика",171,Вісник Харківського національного університету імені Г. С. Сковороди. Психологія,Харківський національний педагогічний університет імені Г.С. Сковороди,C4,81
12,"Розвиток людського капіталу, соціальні науки та журналістика",172,Вісник Львівського університету. Серія філософсько-політологічні студії Visnyk ої the Lviv University. Series Philosophical Political Studies,Львівський національний університет імені Івана Франка,C2,81
12,"Розвиток людського капіталу, соціальні науки та журналістика",173,Південноукраїнські мистецькі = студії South Ukrainian Art Studios,Державний заклад «Південноукраїнський національний педагогічний університет імені К. Д. Ушинського»,"A1, A4",81
12,"Розвиток людського капіталу, соціальні науки та журналістика",174,Педагогічна інноватика: сучасність Ta перспективи Pedagogical Innovation Studies: Modernity and Perspectives,Державний вищий навчальний заклад «Ужгородський національний університет»,"A1, A4, A6, A7",81
12,"Розвиток людського капіталу, соціальні науки та журналістика",175,"Наукові записки Національного університету «Острозька академія»: серія «Психологія» Scientific Notes ої Ostroh Academy National University, Psychology Series",Національний університет «Острозька академія»,СА,81
12,"Розвиток людського капіталу, соціальні науки та журналістика",176,Політикус Politicus,Державний заклад «Південноукраїнський національний педагогічний університет імені К. Д. Ушинського»,"С2, С3, С5",82
12,"Розвиток людського капіталу, соціальні науки та журналістика",177,Людинознавчі студії. Серія «Педагогіка» Human Studies. Series of Pedagogy,Дрогобицький державний педагогічний університет імені Івана Франка,"A1, A2",82
12,"Розвиток людського капіталу, соціальні науки та журналістика",178,Науковий вісник Кременецької обласної гуманітарно-педагогічної академії ім. Тараса Шевченка. Серія: Педагогічні науки Scientific Bulletin of Kremenets Taras Shevchenko Regional Academy of Humanities and» Pedagogy. Series: Pedagogical Sciences,Кременецька обласна гуманітарно-педагогічна академія ім. Тараса Шевченка,"A1, А2, АЗ, A4, А5, A6, A7",82
12,"Розвиток людського капіталу, соціальні науки та журналістика",179,Наукові записки. Серія: Педагогічні науки,Центральноукраїнський державний університет імені Володимира Винниченка,Al,82
12,"Розвиток людського капіталу, соціальні науки та журналістика",180,Науковий журнал Хортицької національної академії Scientific Journal of Khortytsia National Academy,Комунальний заклад вищої освіти «Хортицька національна навчально-реабілітаційна академія» Запорізької обласної ради,"A1, A5, A6, ПО",82
12,"Розвиток людського капіталу, соціальні науки та журналістика",181,Вісник Міжнародного економіко-гуманітарного університету імені академіка Степана Дем'янчука. Серія: Педагогіка та психологія Bulletin of Academician Stepan Demianchuk International University of Economic» and Humanities. Series: Pedagogy and Psycholog,Приватний вищий навчальний заклад «Міжнародний економіко-гуманітарний університет імені академіка Степана Дем'янчука»,"A1, A3, C4",82
12,"Розвиток людського капіталу, соціальні науки та журналістика",182,Педагогіка формування творчої особистості у вищій і загальноосвітній школах Pedagogy of Creative Personality Formation in Higher and General Secondary Schools,«Класичний приватний університет»,"A1, А2, A3, A4, A5, A6",83
12,"Розвиток людського капіталу, соціальні науки та журналістика",183,Слобожанський науковий вісник. Серія: Психологія Sloboda Scientific Journal. Psychology,Сумський державний педагогічний університет імені А. С. Макаренка,C4,83
12,"Розвиток людського капіталу, соціальні науки та журналістика",184,Київський журнал сучасної психології Ta психотерапії,"Товариство з обмеженою відповідальністю «Київський інститут сучасної психології та психотерапії», Антонян Іда",C4,83
12,"Розвиток людського капіталу, соціальні науки та журналістика",185,Соціальна робота та психологія: освіта і наука Social work and Psychology: Education and Science,Навчально-реабілітаційний заклад вищої освіти «Кам'янець-Подільський державний інститут»,по,83
12,"Розвиток людського капіталу, соціальні науки та журналістика",186,"Сучасні інформаційні технології та інноваційні методики навчання в підготовці фахівців: методологія, теорія, досвід, проблеми",Вінницький державний педагогічний університет імені Михайла Коцюбинського,"A1, AS",83
12,"Розвиток людського капіталу, соціальні науки та журналістика",187,Українська професійна освіта Ukrainian Professional Education,Полтавський національний педагогічний університет імені В. Г. Короленка,"A2, A4, A5, A7",83
12,"Розвиток людського капіталу, соціальні науки та журналістика",188,Вчені записки Таврійського національного університету імені В. І. Вернадського. Серія: Психологія Scientific Notes of Taurida National V. I. Vernadsky University. Series: Psychology,Таврійський національний університет імені В. І. Вернадського,"C4, С7",83
12,"Розвиток людського капіталу, соціальні науки та журналістика",189,Вісник Національного технічного університету України «Київський політехнічний інститут». Політологія. Соціологія. Право.,Національний технічний університет України «Київський політехнічний інститут імені Ігоря Сікорського»,"C2 C3, C5",83
12,"Розвиток людського капіталу, соціальні науки та журналістика",190,Психологічний журнал,Уманський державний педагогічний університет імені Павла Тичини,СА,84
12,"Розвиток людського капіталу, соціальні науки та журналістика",191,Інновації в дошкільній і початковій освіті,Вінницький державний педагогічний університет імені Михайла Коцюбинського,"A2, A3, AS",84
12,"Розвиток людського капіталу, соціальні науки та журналістика",192,New Inception,Національний університет «Чернігівський колегіум» імені Т. Г. Шевченка,"A1, А2, A3, А5, С4",84
12,"Розвиток людського капіталу, соціальні науки та журналістика",193,Актуальні проблеми фізичного виховання Ta методики спортивного тренування,Вінницький державний педагогічний університет імені Михайла Коцюбинського,"A4, A7",84
12,"Розвиток людського капіталу, соціальні науки та журналістика",194,Науковий вісник Херсонського державного університету. Серія «Географічні науки» Scientific Bulletin ої Kherson State University. Series «Geographical Sciences,Херсонський державний університет,C6,84
12,"Розвиток людського капіталу, соціальні науки та журналістика",195,Актуальні питання природничо-математичної освіти Topical issues of natural science and mathematics education,Сумський державний педагогічний університет імені А. С. Макаренка,"A3, A4, А5",84
12,"Розвиток людського капіталу, соціальні науки та журналістика",196,Збірник наукових праць «Військова освіта» Collection of scientific works «Military Education,Національний університет оборони України,"A1, АЗ, A7, ПО, С5",84
12,"Розвиток людського капіталу, соціальні науки та журналістика",197,Журнал психологічних досліджень Journal of psychology research,Дніпровський національний університет імені Олеся Гончара,СА,84
12,"Розвиток людського капіталу, соціальні науки та журналістика",198,Вісник Львівського університету. Серія психологічні науки Visnyk of the Lviv University. Series Psychological Science,Львівський національний університет імені Івана Франка,C4,84
12,"Розвиток людського капіталу, соціальні науки та журналістика",199,«Журнал «Архіви YKpaiHu«,Український науково-дослідний інститут архівної справи та документознавства,ВІЗ,84
12,"Розвиток людського капіталу, соціальні науки та журналістика",200,Науковий часопис Українського державного університету імені Михайла Драгоманова. Серія 14. Теорія і методика мистецької освіти,Український державний університет імені Михайла Драгоманова,A4,85
12,"Розвиток людського капіталу, соціальні науки та журналістика",201,Регіональні студії «Regional Studies»,Державний вищий навчальний заклад «Ужгородський національний університет»,"C2, C3",85
12,"Розвиток людського капіталу, соціальні науки та журналістика",202,Психологічні травелоги «Psychology Travelogs»,Хмельницький національний університет,C4,85
12,"Розвиток людського капіталу, соціальні науки та журналістика",203,PHYSICAL CULTURE AND SPORT: SCIENTIFIC PERSPECTIVE,Хмельницький національний університет,"A1, A4, A5, A7",85
12,"Розвиток людського капіталу, соціальні науки та журналістика",204,Вісник Київського національного університету імені Тараса Шевченка. Міжнародні відносини Bulletin of Taras Shevchenko National University of Kyiv. Series International relations,Київський національний університет імені Тараса Шевченка,C3,85
12,"Розвиток людського капіталу, соціальні науки та журналістика",205,Професійно-прикладні дидактики Professional and Applied Didactics,Заклад вищої освіти «Подільський державний університет»,"A1, А5, A6, A7, B13, C4",85
12,"Розвиток людського капіталу, соціальні науки та журналістика",206,Медицина та фармація: освітні дискурси,Національний медичний університет імені О. О. Богомольця,"A1, AS",85
12,"Розвиток людського капіталу, соціальні науки та журналістика",207,"Фізична активність, здоров'я і спорт Physical Activity, Health and Sports",Львівський державний університет фізичної культури імені Івана Боберського,"A1, A4, A7",85
12,"Розвиток людського капіталу, соціальні науки та журналістика",208,Науковий вісник Мелітопольського державного педагогічного університету (Серія: Педагогіка),Мелітопольський державний педагогічний університет імені Богдана Хмельницького,"A1, A2, A3, A4, A5, A6, A7",85
12,"Розвиток людського капіталу, соціальні науки та журналістика",209,Педагогічна освіта теорія і практика,Кам'янець-Подільський національний університет імені Івана Огієнка,"A1, A2, АЗ, A4, AS",86
12,"Розвиток людського капіталу, соціальні науки та журналістика",210,Науковий вісник Вінницької академії безперервної освіти. Серія «Педагогіка. Психологія» Scientific Bulletin of Vinnytsia Academy of Continuing Education. Series «Pedagogy. Psychology,Комунальний заклад вищої освіти «Вінницька академія безперервної освіти»,"A1, A2, АЗ, A4, A5, A6, C4",86
12,"Розвиток людського капіталу, соціальні науки та журналістика",211,Збірник наукових праць «Педагогічні науки» Collection of Research Papers «Pedagogical Sciences,Херсонський державний університет,Al,86
12,"Розвиток людського капіталу, соціальні науки та журналістика",212,Sport Science Spectrum,Національний університет фізичного виховання і спорту України,"A4, A7",86
12,"Розвиток людського капіталу, соціальні науки та журналістика",213,Вісник Маріупольського державного університету. Серія: Історія. Політологія Bulletin of Mariupol State University. Series: History. Political Studies,Маріупольський державний університет,"C2, C3, C5",86
12,"Розвиток людського капіталу, соціальні науки та журналістика",214,Вісник Київського авіаційного інституту. Серія: Педагогіка. Психологія Proceedings of Kyiv Aviation Institute. Series: Pedagogy. Psychology,Національний університет «Київський авіаційний інститут»,"A4, A5, C4",86
12,"Розвиток людського капіталу, соціальні науки та журналістика",215,Науковий вісник Чернівецького національного університету імені Юрія Федьковича. Серія: Географія,Чернівецький національний університет імені Юрія Федьковича,C6,86
12,"Розвиток людського капіталу, соціальні науки та журналістика",216,Соціальні технології: актуальні проблеми теорії та практики Social Technologies: Topical Issues of Theory and Practice,«Класичний приватний університет»,С5,86
12,"Розвиток людського капіталу, соціальні науки та журналістика",217,Вісник Київського національного університету імені Тараса Шевченка. Педагогіка Bulletin of Taras Shevchenko National University of Kyiv. Pedagogy,Київський національний університет імені Тараса Шевченка,Al,87
12,"Розвиток людського капіталу, соціальні науки та журналістика",218,Проблеми сучасного підручника Problems of а Modern Textbook,Інститут педагогіки Національної академії педагогічних наук,"A1, А2, A3, A4, А5, С4, С5",87
12,"Розвиток людського капіталу, соціальні науки та журналістика",219,Вісник Донецького національного університету імені Василя Стуса. Серія Психологічні науки,Донецький національний університет імені Василя Стуса,C4,87
12,"Розвиток людського капіталу, соціальні науки та журналістика",220,Науковий часопис Українського державного університету імені Михайла Драгоманова. Серія 5. Педагогічні науки: реалії та перспективи Naukowyi Chasopys Dragomanov Ukrainian State University. Series 5. Pedagogical science: reality and perspectives,Український державний університет імені Михайла Драгоманова,"A1, A2, АЗ, A4, A5, A6, ПО",87
12,"Розвиток людського капіталу, соціальні науки та журналістика",221,Педагогічні науки: теорія Ta практика Pedagogical Sciences: Theory and Practice,Запорізький національний університет,"A1, A4, A5",87
12,"Розвиток людського капіталу, соціальні науки та журналістика",222,Наукові праці Міжрегіональної Академії управління персоналом. Політичні науки та публічне управління / Scientific Works of Interregional Academy of Personnel Management. Political Sciences and Public Management,Приватне акціонерне товариство «Вищий навчальний заклад Міжрегіональна академія управління персоналом»,"C2, C3, C7",87
12,"Розвиток людського капіталу, соціальні науки та журналістика",223,Держава і право State and law,Інститут держави і права імені В. М. Корецького HAH України,C2,87
12,"Розвиток людського капіталу, соціальні науки та журналістика",224,Вісник Черкаського національного університету імені Богдана Хмельницького Серія «Педагогічні науки» Bulletin of the Cherkasy Bohdan Khmelnytsky National University. Series «Pedagogical Sciences,Черкаський національний університет імені Богдана Хмельницького,"A1, A2, A3, A4, А",88
12,"Розвиток людського капіталу, соціальні науки та журналістика",225,Наукові записки Бердянського державного педагогічного університету. Педагогічні науки Scientific papers of Berdyansk state pedagogical university. Pedagogical sciences,Бердянський державний педагогічний університет,"A1, A2, A3, А4, A5, A6",88
12,"Розвиток людського капіталу, соціальні науки та журналістика",226,Освіта осіб з особливими потребами: шляхи розбудови,Інститут спеціальної педагогіки і психології імені Миколи Ярмаченка Національної академії педагогічних наук України,"A6, C4",88
12,"Розвиток людського капіталу, соціальні науки та журналістика",227,"«Вісник Дніпровської академії неперервної освіти». Серія: «Педагогіка» Dnipro Academy of Continuing Education Herald, Series: Pedagogy",Комунальний заклад вищої освіти «Дніпровська академія неперервної освіти» Дніпропетровської обласної ради»,"A1, A3, А5",88
12,"Розвиток людського капіталу, соціальні науки та журналістика",228,Освітньо-науковий простір,"Громадська організація «Українська асоціація педагогів і психологів початкової, дошкільної та позашкільної освіти», Український державний університет імені Михайла Драгоманова","A1, А2, A3, A5, C4",88
12,"Розвиток людського капіталу, соціальні науки та журналістика",229,Актуальні проблеми політики,"Громадська організація «Південно-український центр гендерних проблем», Національний університет Одеська юридична академія","C2, C3",88
12,"Розвиток людського капіталу, соціальні науки та журналістика",230,Журнал сучасної психології Journal of Modern Psychology,"Запорізький національний університет, Інститут психології імені Г.С. Костюка НАПН України",СА,88
12,"Розвиток людського капіталу, соціальні науки та журналістика",231,Обрії друкарства,Національний технічний університет України «Київський політехнічний інститут імені Ігоря Сікорського»,C7,89
12,"Розвиток людського капіталу, соціальні науки та журналістика",232,Педагогіка безпеки,Вінницький національний технічний університет,AS,89
12,"Розвиток людського капіталу, соціальні науки та журналістика",233,"Педагогічні інновації: ідеї, реалії, перспективи",Інститут обдарованої дитини Національної академії педагогічних наук України,"A1, A2, A3, A4, A5, A6, C4",89
12,"Розвиток людського капіталу, соціальні науки та журналістика",234,Вісник Житомирського державного університету імені Івана Франка. Педагогічні науки,Житомирський державний університет імені Івана Франка,"A1, A2, A3, A4, А5, A6, A7",89
12,"Розвиток людського капіталу, соціальні науки та журналістика",235,Науковий вісник Львівського державного університету внутрішніх справ. Серія психологічна Scientific Journal of Lviv State University of Internal Affairs. Psychology,Львівський державний університет внутрішніх справ,СА,89
12,"Розвиток людського капіталу, соціальні науки та журналістика",236,Збірник наукових праць Рівненського державного гуманітарного університету «Інноватика у вихованні»,Рівненський державний гуманітарний університет,"A1, А2, A3, A4, A5, A6, A7",89
12,"Розвиток людського капіталу, соціальні науки та журналістика",237,Педагогічна наука і освіта ХХІ століття,Рівненський державний гуманітарний університет,"A1, A2, A3, А4, A5, A6, A7",89
12,"Розвиток людського капіталу, соціальні науки та журналістика",238,Публічне управління Ta соціальна робота Public Administration and Social Work,Львівський державний університет безпеки життєдіяльності,по,89
12,"Розвиток людського капіталу, соціальні науки та журналістика",239,«Науковий часопис Українського державного університету імені Михайла Драгоманова. Серія 12. Психологічні науки»,Український державний університет імені Михайла Драгоманова,СА,89
12,"Розвиток людського капіталу, соціальні науки та журналістика",240,Науковий часопис Українського державного університету імені Михайла Драгоманова. Серія 22. Політичні науки та методики викладання соціально-політичних дисциплін,Український державний університет імені Михайла Драгоманова,C2,89
12,"Розвиток людського капіталу, соціальні науки та журналістика",241,5осіопростір: міждисциплінарний електронний збірник наукових праць з соціології та соціальної роботи Socioprostir: the Interdisciplinary Online Collection of Scientific Works on Sociology and Social Work,Харківський національний університет імені В. Н. Каразіна,"ПО, C5",90
12,"Розвиток людського капіталу, соціальні науки та журналістика",242,Інженерні та освітні технології,Кременчуцький національний університет імені Михайла Остроградського,"A1, А2, АЗ, A4, AS",90
12,"Розвиток людського капіталу, соціальні науки та журналістика",243,Вісник Прикарпатського університету. Серія: Політологія Newsletter of Precarpathian University. Politology,Карпатський національний університет імені Василя Стефаника,C2,90
12,"Розвиток людського капіталу, соціальні науки та журналістика",244,Актуальні проблеми філософії та соціології Current Problems ої Philosophy and Sociology,Національний університет «Одеська юридична академія»,"С2, С5",90
12,"Розвиток людського капіталу, соціальні науки та журналістика",245,Socialization & Human Development: International Scientific Journal,Громадська організація «Українська асоціація психології освіти та розвитку»,C4,90
12,"Розвиток людського капіталу, соціальні науки та журналістика",246,Науково-теоретичний альманах «Грані»,"Дніпровський національний університет імені Олеся Гончара, Національний технічний університет «Дніпровська політехніка», Громадська організація «Центр соціально-політичних досліджень»","A1, A2, A4, А5, A6, C2, C3, C5, C7, 110",90
12,"Розвиток людського капіталу, соціальні науки та журналістика",247,Вісник Львівського університету. Серія журналістика Visnyk of the Lviv University. Series Journalism,Львівський національний університет імені Івана Франка,C7,90
12,"Розвиток людського капіталу, соціальні науки та журналістика",248,Професіоналізм педагога: теоретичні й методичні аспекти,ДВНЗ «Донбаський державний педагогічний університет»,"A1, А2, А3, A4, А5, A6, A7",90
12,"Розвиток людського капіталу, соціальні науки та журналістика",249,Збірник наукових праць Рівненського державного гуманітарного університету «Психологія: реальність і перспективи»,Рівненський державний гуманітарний університет,СА,91
12,"Розвиток людського капіталу, соціальні науки та журналістика",250,Наукові записки. Серія «Психолого-педагогічні науки» (Ніжинський державний університет імені Миколи Гоголя),Ніжинський державний університет імені Миколи Гоголя,"A1, A2, АЗ, A4, C4, 110",91
12,"Розвиток людського капіталу, соціальні науки та журналістика",251,Гуманізація навчально-виховного процесу,ДВНЗ «Донбаський державний педагогічний університет»,"A1, A2, A3, A4, А, A6, A7",91
12,"Розвиток людського капіталу, соціальні науки та журналістика",252,Науковий дискурс у фізичному вихованні і спорті,Львівський державний університет фізичної культури імені Івана Боберського,"A4, A7",91
12,"Розвиток людського капіталу, соціальні науки та журналістика",253,Наукові праці Міжрегіональної Академії управління персоналом. Психологія Scientific Works of Interregional Academy of Personnel Management. Psychology,Приватне акціонерне товариство «Вищий навчальний заклад Міжрегіональна академія управління персоналом»,C4,91
12,"Розвиток людського капіталу, соціальні науки та журналістика",254,Вісник Національного технічного університету «ХПІ». Серія: Актуальні проблеми розвитку українського суспільства,Національний технічний університет «Харківський політехнічний інститут»,"A1, A7, C2, С5, по",91
12,"Розвиток людського капіталу, соціальні науки та журналістика",255,Журнал «Особлива дитина: навчання і виховання» Exceptional Child: Teaching and Upbringing,Інститут спеціальної педагогіки і психології імені Миколи Ярмаченка Національної академії педагогічних наук України,"A6, C4",91
12,"Розвиток людського капіталу, соціальні науки та журналістика",256,Вісник Глухівського національного педагогічного університету імені Олександра Довженка. Серія: Педагогічні науки,Глухівський національний педагогічний університет імені Олександра Довженка,"A1, A2, A3, A4, A5, A6, A7, C4",91
13,"Економічні перетворення, бізнес та адміністрування",1,Економіка розвитку,Харківський національний економічний університет імені Семена Кузнеця,"C1, C3, D1, D2, D5, D7",92
13,"Економічні перетворення, бізнес та адміністрування",2,"Economics, Entrepreneurship, Management",Національний університет «Львівська політехніка»,"C1, D1, D2, D3, 05, D7",92
13,"Економічні перетворення, бізнес та адміністрування",3,European Journal of Management Issues,Дніпровський національний університет імені Олеся Гончара,"C1, D3, DS",92
13,"Економічні перетворення, бізнес та адміністрування",4,Облік і фінанси Accounting and Finance,Товариство з додатковою відповідальністю «Інститут обліку і фінансів»,"Cl, D1, D2, D3, 05, D7",92
13,"Економічні перетворення, бізнес та адміністрування",5,Зовнішні справи Foreign affairs,"Громадська спілка «Редакція журналу «Зовнішні справи», Громадська організація «Українська асоціація зовнішньої політики», Благодійна організація «Благодійний фонд «Інститут громадської дипломатії», Вищий навчальний заклад «Університет економіки та права «КРОК»","C1, C3, D7",92
13,"Економічні перетворення, бізнес та адміністрування",6,Управління розвитком,Харківський національний економічний університет імені Семена Кузнеця,"C1, D2, D3, D4",92
13,"Економічні перетворення, бізнес та адміністрування",7,Актуальні проблеми розвитку економіки регіону The actual problems of regional economy development,Карпатський національний університет імені Василя Стефаника,"Cl, D1, D2, 3, D4, DS, 73",92
13,"Економічні перетворення, бізнес та адміністрування",8,Наукові записки НаУКМА. Економічні науки,Національний університет «Києво-Могилянська академія»,"Ci, C3, D1, D2, D3, D4, D5, D7",93
13,"Економічні перетворення, бізнес та адміністрування",9,Економічний вісник університету University Economic Bulletin,Університет Григорія Сковороди в Переяславі,"C1, D1, D2, D3, DS, D7",93
13,"Економічні перетворення, бізнес та адміністрування",10,Економічний вісник Національного технічного університету України «Київський політехнічний інститут» Economic Bulletin of National Technical University of Ukraine «Kyiv Polytechnic Institute»,Національний технічний університет України «Київський політехнічний інститут імені Ігоря Сікорського»,"C1, D3, DS",93
13,"Економічні перетворення, бізнес та адміністрування",11,"Смарт-економіка, підприємництво та безпека Smart Economy, Entrepreneurship and Security",Наукова установа «Науково-дослідний центр сталого розвитку»,"C1, D1, D2, D3, DS, D7",93
13,"Економічні перетворення, бізнес та адміністрування",12,Міжнародний науково-виробничий журнал «Економіка АПК»,Національний науковий центр «Інститут аграрної економіки» Національної академії аграрних наук України,"Cl, D1, D2, D3, D4, D7, J3",93
13,"Економічні перетворення, бізнес та адміністрування",13,Менеджмент і бізнес,"Національний університет «Запорізька політехніка», Товариство з обмеженою відповідальністю «Наукові журнали»","С1, D3, D7",93
13,"Економічні перетворення, бізнес та адміністрування",14,Scientia fructuosa,Державний торговельно-економічний університет,"Cl, C3, D1, D2, D3, D4, DS, D7, J3",93
13,"Економічні перетворення, бізнес та адміністрування",15,Економіка та управління АПК AIC Economics and Management,Білоцерківський національний аграрний університет,"C1, D1, D2, D3, D4, D5, D7",93
13,"Економічні перетворення, бізнес та адміністрування",16,Економіка Ta суспільство Economy and Society,Товариство з обмеженою відповідальністю «Видавничий дім «Гельветика»,"СІ C3, D1, D2, D3, D4, DS, D7, J3",93
13,"Економічні перетворення, бізнес та адміністрування",17,Фінансово-кредитні системи: перспективи розвитку Financial and Credit Systems: Prospects for Development,Харківський національний університет імені В. Н. Каразіна,"Ci, C3, D1, D2, D3, D4, D5, D7",93
13,"Економічні перетворення, бізнес та адміністрування",18,Economic Sustainability and Business Practices Економічна стійкість та бізнес-практики,Сумський державний університет,"C1, D1, D2, D3, D4, DS, D7",94
13,"Економічні перетворення, бізнес та адміністрування",19,Соціальна економіка Social Economics,Харківський національний університет імені В. Н. Каразіна,"C1, D2, D3, DS",94
13,"Економічні перетворення, бізнес та адміністрування",20,Наукові записки Львівського університету бізнесу та права,"Заклад вищої освіти «Львівський університет бізнесу та права», Міжнародний Антикримінальний і Антитерористичний комітет Львівської області","C1, C3, D1, D2, D3, D4, DS, D7, J3",94
13,"Економічні перетворення, бізнес та адміністрування",21,Науковий вісник Мукачівського державного університету. Серія «Економіка» Scientific Bulletin of Mukachevo State University. Series «Economics»,Мукачівський державний університет,"C1, D1, D2, D3, DS",94
13,"Економічні перетворення, бізнес та адміністрування",22,Вісник Національного університету «Львівська політехніка». Серія «Проблеми економіки та управління» Journal of Lviv Polytechnic National University. Series of Economics and Management Issues,Національний університет «Львівська політехніка»,"C1, Dl, D2, D3, 04, р5",94
13,"Економічні перетворення, бізнес та адміністрування",23,Актуальні проблеми міжнародних відносин Actual problems of international relations,Київський національний університет імені Тараса Шевченка,"C1, C3, D2, D3, D4, D5",94
13,"Економічні перетворення, бізнес та адміністрування",24,Суспільство. Економіка. Цифровізація Society. Economy. Digitalization,Приватний заклад вищої освіти «Міжнародний європейський університет»,"C1, D4,D1, D2, D3, 05,07, 73, C3",94
13,"Економічні перетворення, бізнес та адміністрування",25,Соціально-економічні відносини в цифровому суспільстві Socio-economic relations in the digital society,Товариство з обмеженою відповідальністю «ФІНТЕХАЛЬЯНС»,"C1, D1, D2, D3, р4, р5",94
13,"Економічні перетворення, бізнес та адміністрування",26,Менеджмент та підприємництво: тренди розвитку,Запорізький національний університет,"C1, D2, D3, 5, 73",94
13,"Економічні перетворення, бізнес та адміністрування",27,Innovation and Sustainability,Вінницький національний технічний університет,"C1, D3, DS",95
13,"Економічні перетворення, бізнес та адміністрування",28,"Науковий вісник Міжнародної асоціації науковців. Серія: економіка, управління, безпека, технології Scientific bulletin of International association of scientists. Series: Economy, Management, Security, Technologies",Громадська організація «Міжнародна асоціація науковців»,"Ci, C3, D1, D2, D3, D4, D5, D7",95
13,"Економічні перетворення, бізнес та адміністрування",29,Вісник Харківського національного університету імені В. Н. Каразіна. Серія «Економічна» Bulletin ої У. N. Karazin Kharkiv National University. Economic Series,Харківський національний університет імені В. Н. Каразіна,"C1, D2, D3, р5",95
13,"Економічні перетворення, бізнес та адміністрування",30,Вісник Харківського національного університету імені В. Н. Каразіна. Серія «Міжнародні відносини. Економіка. Країнознавство. Туризм» The Journal of У. М. Karazin Kharkiv National University. Series International Relations. Economics. Country Studies. Tourism,Харківський національний університет імені В. Н. Каразіна,Ci,95
13,"Економічні перетворення, бізнес та адміністрування",31,Вісник Київського національного університету імені Тараса Шевченка. Економіка Bulletin of Taras Shevchenko National University of Kyiv. Economics,Київський національний університет імені Тараса Шевченка,"C1, D1, D2, D3, 05, D7",95
13,"Економічні перетворення, бізнес та адміністрування",32,Теорія та практика державного управління Theory and Practice of Public Administration,Харківський національний університет імені В. Н. Каразіна,D4,95
13,"Економічні перетворення, бізнес та адміністрування",33,Вісник економічної науки України Herald of the Economic Sciences of Ukraine,"Інститут економіки промисловості Національної академії наук України, Академія економічних наук України","Cl, C3, D1, D2, D3, D4, D5, D7, J3",95
13,"Економічні перетворення, бізнес та адміністрування",34,Наука та наукознавство Science and Science of Science,"Державна установа «Інститут досліджень науково-технічного потенціалу та історії науки ім. Г. М. Доброва НАН України», Національна академія наук України",Cl,96
13,"Економічні перетворення, бізнес та адміністрування",35,Управління економікою: теорія та практика. Чумаченківські читання Management of Economy: Theory and Practice. Chumachenko’s Annals,"Інститут економіки промисловості Національної академії наук України, Академія економічних наук України","C1, C3, D1, D2, D3, D4, DS, D7, 73",96
13,"Економічні перетворення, бізнес та адміністрування",36,Менеджмент та підприємництво в Україні: етапи становлення і проблеми розвитку Management and Entrepreneurship in Ukraine: the stages of formation and problems of development,Національний університет «Львівська політехніка»,"C1, D3, D7",96
13,"Економічні перетворення, бізнес та адміністрування",37,Ринкова економіка: сучасна теорія i практика управління Market Economy: Modern Management Theory and Practice,Одеський національний університет імені I. І. Мечникова,"C1, р1, D2, D3, D4, DS",96
13,"Економічні перетворення, бізнес та адміністрування",38,Економіка і регіон Economics and Region,Національний університет «Полтавська політехніка імені Юрія Кондратюка»,"C1, C3, р1, D2, D3, D5, D7, 13",96
13,"Економічні перетворення, бізнес та адміністрування",39,Економіка транспортного комплексу Economics ої the transport complex,Харківський національний автомобільно-дорожній університет,"C1, D3, DS, D7",96
13,"Економічні перетворення, бізнес та адміністрування",40,Європейський науковий журнал Економічних Ta Фінансових інновацій European scientificjournal of Economic and Financial innovation,Громадська організація «Європейська асоціація економістів»,"C1, D1, D2, D3",96
13,"Економічні перетворення, бізнес та адміністрування",41,Acta Academiae Beregsasiensis. Economics,Закарпатський угорський університет імені Ференца Ракоці П,"Ci, D1, D2, D3",96
13,"Економічні перетворення, бізнес та адміністрування",42,Проблеми сучасних трансформацій. Серія: економіка та управління Problems of Modern Transformations. Series: Economics and Management,Громадська організація «Науково-освітній інноваційний центр суспільних трансформацій»,"C1, D1, D2, D3, D4, D5, D7, 13",97
13,"Економічні перетворення, бізнес та адміністрування",43,Збірник наукових праць Черкаського державного технологічного університету. Серія: Економічні науки Economic Bulletin of Cherkasy State Technological University,Черкаський державний технологічний університет,"C1, D1, D2, D3, D4, D5, D7",97
13,"Економічні перетворення, бізнес та адміністрування",44,Центральноукраїнський науковий вісник. Економічні науки Central Ukrainian Scientific Bulletin. Economic Sciences,Центральноукраїнський національний технічний університет,"C1, C3, рі, D2, D3, D4, DS, D7, 73",97
13,"Економічні перетворення, бізнес та адміністрування",45,Міжнародна економічна політика International Economic Policy,"Київський національний економічний університет імені Вадима Гетьмана, Центр торгової політики та права (під егідою Асоціації творчих інновацій та розвитку (CIDA)","C1, C3, рі, D2, D3, D4, D5, D7, 73",97
13,"Економічні перетворення, бізнес та адміністрування",46,Public administration and state security aspects,Національний університет цивільного захисту України,D4,97
13,"Економічні перетворення, бізнес та адміністрування",47,Публічне управління та регіональний розвиток Public Administration and Regional Development,Чорноморський національний університет імені Петра Могили,ра,97
13,"Економічні перетворення, бізнес та адміністрування",48,"Наукові записки Національного університету «Острозька академія»: серія «Економіка» Scientific Notes of Ostroh Academy National University, Economics Series",Національний університет «Острозька академія»,"C1, D1, D2, D3, D4, D5, D7",97
13,"Економічні перетворення, бізнес та адміністрування",49,Науковий журнал «Економіка: реалії часу» Scientific journal «Economics: time realities»,Національний університет «Одеська політехніка»,"C1, D1, D2, D3, D4, р5, D7, 13",97
13,"Економічні перетворення, бізнес та адміністрування",50,Соціально-трудові відносини: теорія та практика Social and labour relations: theory and practice,Київський національний економічний університет імені Вадима Гетьмана,"C1, D3, D4",98
13,"Економічні перетворення, бізнес та адміністрування",51,Демократичне врядування,Національний університет «Львівська політехніка»,D4,98
13,"Економічні перетворення, бізнес та адміністрування",52,Державне будівництво State Formation,Харківський національний університет імені В.Н. Каразіна,р4,98
13,"Економічні перетворення, бізнес та адміністрування",53,Економічний вісник Державного вищого навчального закладу «Український державний хіміко-технологічний університет»,Український державний університет науки і технологій,"Cl, D2, D3, DS, D7, J3",98
13,"Економічні перетворення, бізнес та адміністрування",54,Маркетинг і цифрові технології Marketing and Digital Technologies,Національний університет «Одеська політехніка»,"C1, D1, D2, D3, D4, DS, D7",98
13,"Економічні перетворення, бізнес та адміністрування",55,Економіка України Economy of Ukraine,"Державна установа «Інститут економіки та прогнозування HAH України», Національна академія наук України","Cl, D1, D2, D3, D4, D7, 13",98
13,"Економічні перетворення, бізнес та адміністрування",56,Часопис економічних реформ Time description of economic reforms,"Національний аерокосмічний університет «Харківський авіаційний інститут», Східноукраїнський національний університет імені Володимира Даля","C1, D1, D2, D3, DS",98
13,"Економічні перетворення, бізнес та адміністрування",57,Аспекти публічного управління Public administration aspects,Національний технічний університет «Дніпровська політехніка»,"C1, C3, D3, D4, 73",98
13,"Економічні перетворення, бізнес та адміністрування",58,Наукові праці Міжрегіональної Академії управління персоналом. Економічні науки Scientific Works of Interregional Academy of Personnel Management. Economic Sciences,Приватне акціонерне товариство «Вищий навчальний заклад «Міжрегіональна академія управління персоналом»,"C1, D1, D2, D3, D5, D7, 13",98
13,"Економічні перетворення, бізнес та адміністрування",59,Економіка: регіональний розвиток та інновації Economy: regional development and innovation,Інститут аграрних ресурсів та регіонального розвитку Національної академії аграрних наук України,"D3, DS, 73",98
13,"Економічні перетворення, бізнес та адміністрування",60,Economic Synergy,Міжнародний науково-технічний університет імені академіка Юрія Бугая,"C1, D3, D4, DS, D7",99
13,"Економічні перетворення, бізнес та адміністрування",61,Вісник Національного університету цивільного захисту України (Серія «Державне управління»),Національний університет цивільного захисту України,D4,99
13,"Економічні перетворення, бізнес та адміністрування",62,Вісник соціально-економічних досліджень Socio-Economic Research Bulletin,Одеський національний економічний університет,"C1, Di, D2, D3, D4, DS, D7, 13",99
13,"Економічні перетворення, бізнес та адміністрування",63,Збалансоване природокористування,Інститут агроекології і природокористування Національної академії аграрних наук України. Товариство з обмеженою відповідальністю «Екоінвестком»,"C1, D3, D4, DS, 73",99
13,"Економічні перетворення, бізнес та адміністрування",64,Науковий вісник Міжнародного гуманітарного університету. Серія: Економіка i менеджмент International Humanitarian University Herald. Economics and Management,Міжнародний університет,"C1, C3, D1, D2, D3, D4, D5, D7",99
13,"Економічні перетворення, бізнес та адміністрування",65,Наукові праці Донецького національного технічного університету. Серія: Економічна,Державний вищий навчальний заклад «Донецький національний технічний університет»,"С1, р3",99
13,"Економічні перетворення, бізнес та адміністрування",66,Економіка промисловості Economy of Industry,"Інститут економіки промисловості Національної академії наук України, Національна академія наук України","C1, C3, р1, D2, D3, D4, DS, D7, 73",99
13,"Економічні перетворення, бізнес та адміністрування",67,Проблеми економіки The Problems of Economy,Науково-дослідний центр індустріальних проблем розвитку Національної академії наук України,"C1, D2, D3, D4",99
13,"Економічні перетворення, бізнес та адміністрування",68,"Наука, технології, інновації","Державна наукова установа «Український інститут науково-технічної експертизи та інформації», Державна установа «Інститут досліджень науково-технічного потенціалу та історії науки ім. Г.М. Доброва НАН України»","C1, D3, D4, DS",100
13,"Економічні перетворення, бізнес та адміністрування",69,Review ої transport economics and management,Український державний університет науки і технологій,"C1, D3",100
13,"Економічні перетворення, бізнес та адміністрування",70,Публічне управління та місцеве самоврядування Public Administration and Local Government,Національний технічний університет «Дніпровська політехніка»,р4,100
13,"Економічні перетворення, бізнес та адміністрування",71,"Економіка, управління Ta адміністрування",Державний університет «Житомирська політехніка»,"Cl, C3, D1, D2, D3, D4, D7, 13",100
13,"Економічні перетворення, бізнес та адміністрування",72,"Вісник Академії праці, соціальних відносин і туризму. Серія: економіка, психологія та управління Bulletin of the Academy of Labor, Social Relations and Tourism. Series: Economics, Psychology and Management","Громадська організація «Науково-освітній інноваційний центр суспільних трансформацій», Академія праці, соціальних відносин і туризму","C1, D1, D2, D3, D4, DS, D7, J3",100
13,"Економічні перетворення, бізнес та адміністрування",73,Індустрія туризму i гостинності в Центральній та Східній Європі Tourism and Hospitality Industry in Central and Eastern Europe,Львівський торговельно-економічний університет,"C1, D3, 05,:",100
13,"Економічні перетворення, бізнес та адміністрування",74,Економіка i управління бізнесом Economics and business management,Національний університет біоресурсів і природокористування України,"C1, D1, D2, D3, DS, D7, 73",100
13,"Економічні перетворення, бізнес та адміністрування",75,Економічний форум Economic forum,Луцький національний технічний університет,"C1, D2, D3, D4, DS",100
13,"Економічні перетворення, бізнес та адміністрування",76,Цифрова економіка та економічна безпека Digital Economy and Economic Security,"Причорноморський науково-дослідний інститут економіки та інновацій, Сумський державний педагогічний університет імені А.С. Макаренка","C1, C3, D1, D2, D3, 05, D7",100
13,"Економічні перетворення, бізнес та адміністрування",77,Товарознавчий вісник,Луцький національний технічний університет,"DS, D7, J3",101
13,"Економічні перетворення, бізнес та адміністрування",78,Економічний аналіз,Західноукраїнський національний університет,"C1, D1, D2, D3. D4, D5, D7",101
13,"Економічні перетворення, бізнес та адміністрування",79,Вчені записки Scientific Notes,Київський національний економічний університет імені Вадима Гетьмана,"Cl, C3, D1, D2, D3, D4, 5, D7, 73",101
13,"Економічні перетворення, бізнес та адміністрування",80,"Східна Європа: економіка, бізнес та управління Eastern Europe: Economy, Business and Management",Український державний університет науки і технологій,"C1, C3, D1, D2, D3, D5, D7",101
13,"Економічні перетворення, бізнес та адміністрування",81,Розвиток методів управління та господарювання на транспорті,Одеський національний морський університет,"C1, D3, D5, D7, 73",101
13,"Економічні перетворення, бізнес та адміністрування",82,Економічний вісник Донбасу Economic Herald of the Donbas,"Державний заклад «Луганський національний університет імені Тараса Шевченка», Інститут економіки промисловості Національної академії наук України","C1, C3, D1, D2, D3, D4, DS, D7",101
13,"Економічні перетворення, бізнес та адміністрування",83,Вісник економіки,Західноукраїнський національний університет,"C1, D1, D2, D3, D4, DS",101
13,"Економічні перетворення, бізнес та адміністрування",84,Вісник Сумського національного аграрного університету. Серія: Економіка і менеджмент Bulletin of Sumy National Agrarian University Scientific Journal. Series: Economics and Management,Сумський національний аграрний університет,"C1, D1, D2, D3, D4, DS, 13",101
13,"Економічні перетворення, бізнес та адміністрування",85,Економічний Одеського журнал політехнічного університету Economic journal Odessa polytechnic university,Національний університет «Одеська політехніка»,"C1, D1, D2, D3, D4, DS, D7, 73",101
13,"Економічні перетворення, бізнес та адміністрування",86,"Науковий вісник Національної академії статистики, обліку та аудиту Scientific Bulletin of National Academy of Statistics, Accounting and Audit","Національна академія статистики, обліку та аудиту","C1, C3, D1, D2, D3, D4, 5, D7",101
13,"Економічні перетворення, бізнес та адміністрування",87,Вісник Київського інституту бізнесу та технологій,Товариство з обмеженою відповідальністю «Заклад вищої освіти «Київський інститут бізнесу та технологій»,"Ci, C3, D2, D3, D4, DS, D7",102
13,"Економічні перетворення, бізнес та адміністрування",88,Вісник Полтавського державного аграрного університету. Серія «Публічне управління та адміністрування» Bulletin ої Poltava State Agrarian University. Public Management and Administration,Полтавський державний аграрний університет,р4,102
13,"Економічні перетворення, бізнес та адміністрування",89,Публічне управління і адміністрування в Україні Public Management and Administration in Ukraine,Причорноморський науково-дослідний інститут економіки та інновацій,D4,102
13,"Економічні перетворення, бізнес та адміністрування",90,Таврійський науковий вісник. Серія: Публічне управління та адміністрування Taurida Scientific Herald. Series: Public Management and Administration,Херсонський державний аграрно-економічний університет,р4,102
13,"Економічні перетворення, бізнес та адміністрування",91,Держава та регіони. Серія: Публічне управління і адміністрування State and Regions. Series: Public Management and Administration,Класичний приватний університет,р4,102
13,"Економічні перетворення, бізнес та адміністрування",92,Вісник Київського національного університету імені Тараса Шевченка. Державне управління Bulletin of Taras Shevchenko National University of Kyiv. Public Administration,Київський національний університет імені Тараса Шевченка,D4,102
13,"Економічні перетворення, бізнес та адміністрування",93,Економіка харчової промисловості Food Industry Economics,Одеський національний технологічний університет,"СІ, D1, D2, D3, D4, 05, D7, 73",102
13,"Економічні перетворення, бізнес та адміністрування",94,Актуальні проблеми державного управління Pressing Problems of Public Administration,Харківський національний університет імені В. Н. Каразіна,D4,102
13,"Економічні перетворення, бізнес та адміністрування",95,Право Ta державне управління Law and Public Administration,Класичний приватний університет,D4,102
13,"Економічні перетворення, бізнес та адміністрування",96,"Економіка, фінанси, менеджмент: актуальні питання науки і практики Economy, finances, management: topical issues of science and practical activity",Вінницький національний аграрний університет,"Cl, рі, D2, D3, D4, DS, D7, 23",103
13,"Економічні перетворення, бізнес та адміністрування",97,Соціально-економічні проблеми і держава,"Тернопільський національний технічний університет імені Івана Пулюя, Громадська організація «Академія соціального управління»","СІ, рі, D2, D3, D4, DS, 73",103
13,"Економічні перетворення, бізнес та адміністрування",98,Публічна політика та бухгалтерський облік,Державний університет «Житомирська Політехніка»,"Cl, C3, D1, D4",103
13,"Економічні перетворення, бізнес та адміністрування",99,Причорноморські економічні студії Black Sea Economic Studies,Причорноморський науково-дослідний інститут економіки та інновацій,"C1, C3, D1, D2, D3, DS, D7, 73",103
13,"Економічні перетворення, бізнес та адміністрування",100,Актуальні проблеми економіки,Приватне акціонерне товариство «Вищий навчальний заклад «Національна академія управління»,"СІ, D1, D2, D3, D4, DS, D7, 13",103
13,"Економічні перетворення, бізнес та адміністрування",101,Держава та регіони. Серія: Економіка Ta підприємництво State and Regions. Series: Economics and Business,Класичний приватний університет,"Ci, C3, D1, D2, D3, DS, D7",103
13,"Економічні перетворення, бізнес та адміністрування",102,Підприємництвоі торгівля Entrepreneurship and Trade,Львівський торговельно-економічний університет,"C1, D1, D2, D3, D5, D7",103
13,"Економічні перетворення, бізнес та адміністрування",103,Вісник Чернівецького торговельно-економічного інституту,Чернівецький торговельно-економічний інститут Державного торговельно-економічного університету,"C1, D1, D2, D3, D4, DS, D7, 13",103
13,"Економічні перетворення, бізнес та адміністрування",104,Історія народного господарства та економічної думки України History of economics and economic thought of Ukraine,Державна установа «Інститут економіки та прогнозування HAH України»,"C1, D2, D3, D4",103
13,"Економічні перетворення, бізнес та адміністрування",105,Інновації Ta технології в сфері послуг і харчування Innovations and Technologies in the Service Sphere and Food Industry,Черкаський державний технологічний університет,"C1, D3, 13",103
13,"Економічні перетворення, бізнес та адміністрування",106,Європейський вектор економічного розвитку,Вищий навчальний заклад «Університет імені Альфреда Нобеля»,"C1, р1, D2, D3, D5, D7, 73",104
13,"Економічні перетворення, бізнес та адміністрування",107,Науковий вісник Львівського національного університету ветеринарної медицини Ta біотехнологій імені С. 3. Гжицького. Серія «Економічні науки»,Львівський національний університет ветеринарної медицини та біотехнологій імені С. 3. Гжицького,"C1, D1, D2, D3, D4, DS, J3",104
13,"Економічні перетворення, бізнес та адміністрування",108,Науковий вісник Чернівецького національного університету імені Юрія Федьковича. Серія Економіка,Чернівецький національний університет імені Юрія Федьковича,"C1, D1, D2, D3, DS",104
13,"Економічні перетворення, бізнес та адміністрування",109,Розвиток міста City Development,Комунальна науково-дослідна установа «Науково-дослідний інститут соціально-економічного розвитку міста»,"C1, D3, D4, DS",104
13,"Економічні перетворення, бізнес та адміністрування",110,Інфраструктура ринку Market Infrastructure,Причорноморський науково-дослідний інститут економіки та інновацій,"C1, C3, D1, D2, D3, DS, D7, 13",104
13,"Економічні перетворення, бізнес та адміністрування",111,Економіка та підприємництво Economy and Entrepreneurship,Київський національний економічний університет імені Вадима Гетьмана,"C1, C3, D1, D2, D3, D4, DS, D7, 73",104
13,"Економічні перетворення, бізнес та адміністрування",112,Формування ринкової економіки в Україні Formation of Market Economy in Ukraine,Львівський національний університет імені Івана Франка,"C1, D2, D3, DS, D7",104
13,"Економічні перетворення, бізнес та адміністрування",113,Актуальні проблеми інноваційної економіки та права Actual problems of innovative economy and law,Державний біотехнологічний університет,"C1, C2, Di, D2, D3, D4, DS, D7, J3",104
13,"Економічні перетворення, бізнес та адміністрування",114,Вчені записки Університету «KPOK»,Вищий навчальний заклад «Університет економіки Ta права КРОК»,"C1, D2, D3",104
13,"Економічні перетворення, бізнес та адміністрування",115,Український журнал прикладної економіки та техніки Ukrainian Journal of Applied Economics and Technology,Західноукраїнський національний університет,"C1, C3, D1, D2, D3, D4, DS, D7, 73",104
13,"Економічні перетворення, бізнес та адміністрування",116,Інтелект ХХІ Intellect XXI,Товариство з обмеженою відповідальністю «Видавничий дім «Гельветика»,"C1, D1, D2, D3, 5, D7",105
13,"Економічні перетворення, бізнес та адміністрування",117,Приазовський економічний вісник Pryazovskyi Economic Herald,Класичний приватний університет,"C1, C3, D1, D3, 05, D7",105
13,"Економічні перетворення, бізнес та адміністрування",118,Економіка розвитку систем Economics of Systems Development,Товариство з обмеженою відповідальністю «Видавничий дім «Гельветика»,"C1, C3, D1, D2, D3, D5, D7",105
13,"Економічні перетворення, бізнес та адміністрування",119,Вісник Львівського університету. Серія економічна Visnyk of the Lviv University. Series Economics,Львівський національний університет імені Івана Франка,"C1, D1, D2, D3, DS",105
13,"Економічні перетворення, бізнес та адміністрування",120,Науковий вісник Ужгородського університету. Серія: Економіка Scientific Bulletin of Uzhhorod University. Series: Economics,Державний вищий навчальний заклад «Ужгородський національний університет»,"C1, D1, D2",105
13,"Економічні перетворення, бізнес та адміністрування",121,Економічний простір Economic Scope,Український державний університет науки і технологій,"C1, D2, D3, D4, DS, D7",105
13,"Економічні перетворення, бізнес та адміністрування",122,Підприємництво та інновації Entrepreneurship and Innovation,Заклад вищої освіти «Міжнародний університет фінансів»,"C1, C3, D2, D3, D5, D7",105
13,"Економічні перетворення, бізнес та адміністрування",123,Таврійський науковий вісник. Серія: Економіка Taurida Scientific Herald. Series: Economics,Херсонський державний аграрно-економічний університет,"C1, D1, D2, D3, D4, DS, D7, J3",105
13,"Економічні перетворення, бізнес та адміністрування",124,Вісник Одеського національного університету. Економіка Odesa National University Herald. Economy,Одеський національний університет імені І. І. Мечникова,"C1, C3, D1, D2, D3, D5, D7",105
13,"Економічні перетворення, бізнес та адміністрування",125,Проблеми системного підходу в економіці Problems of Systemic Approach in Ше Economy,Державне некомерційне підприємство «Державний університет «Київський авіаційний інститут»,"C1, C3, D1, D2, D3, D4, D5, D7, 73",105
13,"Економічні перетворення, бізнес та адміністрування",126,Науковий вісник Ужгородського національного університету. Серія: Міжнародні економічні відносини та світове господарство Uzhhorod National University Herald. Series: International Economic Relations and World Economy,Державний вищий навчальний заклад «Ужгородський національний університет»,"C1, C3, Dl, D2, D3, DS",106
13,"Економічні перетворення, бізнес та адміністрування",127,Вчені записки Таврійського національного університету імені В. І. Вернадського. Серія: Економіка і управління Scientific Notes ої Taurida National V. I. Vernadsky University. Series: Economy and Management,Таврійський національний університет імені В. І. Вернадського,"C1, D2, D3, DS",106
13,"Економічні перетворення, бізнес та адміністрування",128,Бізнес-навігатор Business Navigator,Заклад вищої освіти «Міжнародний університет бізнесу і права»,"СІ, D1, D2, D3, 05, D7",106
13,"Економічні перетворення, бізнес та адміністрування",129,Ефективність державного управління,Національний лісотехнічний університет України,"C1, D2, D3, D4",106
13,"Економічні перетворення, бізнес та адміністрування",130,Вчені записки Таврійського національного університету імені В. І. Вернадського. Серія: Публічне управління та адміністрування Scientific Notes of Taurida National V. I. Vernadsky University. Series: Public Management and Administration,Таврійський національний університет імені В. I. Вернадського,D4,106
13,"Економічні перетворення, бізнес та адміністрування",131,"Публічне управління і право: історія, теорія, практика",Вінницький державний педагогічний університет імені Михайла Коцюбинського,"D3, D4",106
13,"Економічні перетворення, бізнес та адміністрування",132,"Публічне управління: концепції, парадигма, розвиток, удосконалення Public administration: concepts, paradigm, development, improvement",Університет Григорія Сковороди в Переяславі,D4,106
13,"Економічні перетворення, бізнес та адміністрування",133,Координати публічного управління,Івано-Франківський національний технічний університет нафти і газу,р4,107
13,"Економічні перетворення, бізнес та адміністрування",134,Публічне управління та митне адміністрування Public Administration and Customs Administration,Університет митної справи та фінансів,р4,107
13,"Економічні перетворення, бізнес та адміністрування",135,Development Service Industry Management,Хмельницький національний університет,"D3, D7, 73",107
13,"Економічні перетворення, бізнес та адміністрування",136,Modeling the Development ої the economic systems,Хмельницький національний університет,"C1, D2, D3",107
13,"Економічні перетворення, бізнес та адміністрування",137,Трансформаційна економіка Transformation Economy,Хмельницька торговельно-економічна академія,"C1, D2, D3. DS, D7",107
13,"Економічні перетворення, бізнес та адміністрування",138,Проблеми i перспективи економіки та управління,Національний університет «Чернігівська політехніка»,"C1, C3, р1, D2, D3, D4, DS, D7, J3",107
13,"Економічні перетворення, бізнес та адміністрування",139,Український економічний часопис Ukrainian Economic Journal,Державний податковий університет,"C1, C3, D1, D2, D3, D4, D5, D7",107
13,"Економічні перетворення, бізнес та адміністрування",140,Науковий погляд: економіка та управління Scientific View: Economics and Management,Університет митної справи Ta фінансів,"C1, D1, D2, D3, D5, D7",107
13,"Економічні перетворення, бізнес та адміністрування",141,Київський економічний науковий журнал Kyiv Economic Scientific Journal,Приватний заклад вищої освіти «Київський міжнародний університет»,"C1, D2, D3, D4, D5, D7",107
13,"Економічні перетворення, бізнес та адміністрування",142,Економічний вісник Дніпровської політехніки Economics bulletin of the Dnipro University of Technology,"Національний технічний університет «Дніпровська політехніка», Інститут економіки промисловості Національної академії наук України","C1, C3, D1, D2, D3, D4, D5, D7, J3",107
13,"Економічні перетворення, бізнес та адміністрування",143,Збірник наукових праць Таврійського державного агротехнологічного університету імені Дмитра Моторного (економічні науки),Таврійський державний агротехнологічний університет імені Дмитра Моторного,"C1, D1, D2, D3, D4, DS, D7, 13",107
13,"Економічні перетворення, бізнес та адміністрування",144,Фінансовий простір Finansovyi Prostir,Львівський національний університет імені Івана Франка,"С1, D1, D2, D3, D4, D5, D7",108
13,"Економічні перетворення, бізнес та адміністрування",145,Вісник Дніпропетровського науково-дослідного інституту судових експертиз Міністерства юстиції України. Економічні науки Bulletin ої Dnipropetrovsk Scientific Research Institute of Forensic Expertise of the Ministry of Justice of Ukraine. Economic Sciences,Дніпропетровський науково-дослідний інститут судових експертиз Міністерства юстиції України,"C1, D1, D3, DS, D7",108
13,"Економічні перетворення, бізнес та адміністрування",146,Управління змінами та інновації Change Management and Innovation,Національний університет «Запорізька політехніка»,"C1, C3, D1, D2, D3, D4",108
13,"Економічні перетворення, бізнес та адміністрування",147,Вісник Львівського торговельно-економічного університету. Економічні науки Herald of Lviv University of Trade and Economics. Economic Sciences,Львівський торговельно-економічний університет,"C1, р1, D2, D3, 05, D7",108
13,"Економічні перетворення, бізнес та адміністрування",148,Стратегія економічного розвитку України Strategy of Economic Development of Ukraine,Київський національний економічний університет імені Вадима Гетьмана,"Cl, C3, D1, D2, D3, D4, DS, D7, 73",108
13,"Економічні перетворення, бізнес та адміністрування",149,Вісник Хмельницького національного університету. Серія: Економічні науки Herald ої Khmelnytskyi National University. Economic sciences,Хмельницький національний університет,"СІ, C3, р1, D2, D3, D4, DS",108
13,"Економічні перетворення, бізнес та адміністрування",150,"Журнал з менеджменту, економіки та технологій Journal of management, economics and technology",Державний біотехнологічний університет,"C1, C3, DF1, D2, D3, D4, D5, D7, J3",108
13,"Економічні перетворення, бізнес та адміністрування",151,Регіональна економіка,"Державна установа «Інститут регіональних досліджень імені М. І. Долішнього Національної академії наук України», Національна академія наук України","Ci, C3, р1, D2, D3, D4, 5, D7, 73",108
13,"Економічні перетворення, бізнес та адміністрування",152,Механізм регулювання економіки,Громадська організація «Академія підприємництва і менеджменту України»,"C1, C3, D2, D3, D5, D7",109
13,"Економічні перетворення, бізнес та адміністрування",153,Науковий Вісник Івано-Франківського національного технічного університету нафти газу. Серія «Економіка та управління в нафтогазовій і газовій промисловості»,Івано-Франківський національний технічний i університет нафти і газу,"С1, р1, D2, D3, DS, D7, 13",109
13,"Економічні перетворення, бізнес та адміністрування",154,Бізнес Інформ Busines Inform,Науково-дослідний центр індустріальних проблем розвитку Національного академії наук України,"C1, D2, D3, D4",109
13,"Економічні перетворення, бізнес та адміністрування",155,Науковий вісник Полтавського університету економіки і торгівлі. Серія «Економічні науки» Scientific Bulletin of Poltava University of Economics and Trade. Series «Есототіс Sciences»,Полтавський університет економіки і торгівлі,"СІ, C3, D1, D2, D3, D5, D7",109
13,"Економічні перетворення, бізнес та адміністрування",156,Публічно-управлінські Ta цифрові практики,Державний університет інформаційно-комунікаційних технологій,D4,109
13,"Економічні перетворення, бізнес та адміністрування",157,Публічне урядування Public Management,Приватне акціонерне товариство «Вищий навчальний заклад «Міжрегіональна академія управління персоналом»,D4,109
13,"Економічні перетворення, бізнес та адміністрування",158,Економіка. Управління. Інновації,Житомирський державний університет імені Івана Франка,"D1, D3, D4, DS",109
13,"Економічні перетворення, бізнес та адміністрування",159,Галицький економічний вісник Galician economicjourna,Тернопільський національний технічний університет імені Івана Пулюя,"Cl, D1, D2, D3, D4, DS",109
13,"Економічні перетворення, бізнес та адміністрування",160,Економічний вісник Причорномор'я Economic Bulletin of the Black Sea Littoral,Одеський державний аграрний університет,"C1, D1, D3, D4, DS",109
13,"Економічні перетворення, бізнес та адміністрування",161,Науковий вісник Львівського державного університету внутрішніх справ. Серія економічна Scientific Journal of Lviv State University of Internal Affairs. Economics,Львівський державний університет внутрішніх справ,"С1, D2, D3, DS",110
13,"Економічні перетворення, бізнес та адміністрування",162,Економічні інновації Economic innovations,Державна установа «Інститут ринку і економіко-екологічних досліджень Національної академії наук України»,"C1, C3, D1, D2, D3, D4, D5, D7, 73",110
13,"Економічні перетворення, бізнес та адміністрування",163,Вісник економіки транспорту і промисловості,Український державний університет залізничного транспорту,"C1, D2, D3, D4, DS, D7",110
13,"Економічні перетворення, бізнес та адміністрування",164,Проблеми і перспективи розвитку підприємництва,Харківський національний автомобільно-дорожній університет,"Cl, D1, D3, DS, D7",110
13,"Економічні перетворення, бізнес та адміністрування",165,Теоретичні та прикладні питання державотворення,"Громадська організація «Одеський інститут соціальних технологій», Асоціація дослідників державного управління",D4,110
13,"Економічні перетворення, бізнес та адміністрування",166,Соціально-економічні проблеми сучасного періоду України,"Державна установа «Інститут регіональних досліджень імені М. І. Долішнього Національної академії наук України», Національна академія наук України","C1, C3, р1, D2, D3, D4, DS, D7",110
13,"Економічні перетворення, бізнес та адміністрування",167,Енергозбереження. Енергетика. Енергоаудит Energy saving. Power engineering. Energy audit,Національний технічний університет «Харківський політехнічний інститут»,"C1, C3, D1, D2, D3, D4, D5, D7, 73",110
13,"Економічні перетворення, бізнес та адміністрування",168,Науковий вісник Одеського національного економічного університету Scientific Bulletin of Ше Odessa National Economic University,Одеський національний економічний університет,"C1, C3, D1, D2, D3, D4, DS, D7, 73",110
13,"Економічні перетворення, бізнес та адміністрування",169,Науковий вісник Херсонського державного університету. Cepia «Економічні науки» Scientific Bulletin of Kherson State University. Series «Economic Sciences»,Херсонський державний університет,"C1, D3",111
13,"Економічні перетворення, бізнес та адміністрування",170,Журнал стратегічних економічних досліджень Journal of Strategic Economic Research,Київський національний університет технологій та дизайну,"C1, D2, D3, D4, D5, D7, 13",111
13,"Економічні перетворення, бізнес та адміністрування",171,Інноваційна економіка Innovative economy,"Тернопільська державна сільськогосподарська дослідна станція Інституту сільського господарства Карпатського регіону Національної академії аграрних наук України, Заклад вищої освіти «Подільський державний університет»","C1, D1, D2, D3, DS, D7",111
13,"Економічні перетворення, бізнес та адміністрування",172,Географія та туризм Geography and Tourism,Київський національний університет імені Тараса Шевченка,"C1, 23",111
13,"Економічні перетворення, бізнес та адміністрування",173,Modern Economics,Миколаївський національний аграрний університет,"C1, р1, D2, D3, D4, DS, D7, 73",111
13,"Економічні перетворення, бізнес та адміністрування",174,"Інститут бухгалтерського обліку, контроль та аналіз в умовах глобалізації","Західноукраїнський національний університет, Заклад вищої освіти «Подільський державний університет», Громадська організація «Науковий клуб «СОФУС»","C1, D1, D2",111
13,"Економічні перетворення, бізнес та адміністрування",175,Просторовий розвиток,Київський національний університет будівництва і архітектури,"C1, D1, D3, D4",111
13,"Економічні перетворення, бізнес та адміністрування",176,Економічна теорія Economic theory,"Державна установа «Інститут економіки та прогнозування HAH України», Національна академія наук України, Київський національний економічний університет імені Вадима Гетьмана","C1, D1, D2, D3, D4, DS",111
13,"Економічні перетворення, бізнес та адміністрування",177,Нові технології в будівництві,"Державне підприємство «Науково-дослідний інститут будівельного виробництва імені В. С. Балицького», Київський національний університет будівництва і архітектури","C1, D1, D2, D3, D4, D5, D7",112
13,"Економічні перетворення, бізнес та адміністрування",178,Економічна стратегія і перспективи розвитку сфери торгівлі та послуг Economic strategy and prospects of trade and services sector development,Державний біотехнологічний університет,"C1, D1, D2, D3, D4, D5, D7, 13",112
13,"Економічні перетворення, бізнес та адміністрування",179,Вісник Приазовського Державного Технічного Університету. Серія: Економічні науки Reporter of the Priazovskyi State Technical University. Section: Economic sciences,Державний вищий навчальний заклад «Приазовський державний технічний університет»,"C1, D3, D7,",112
13,"Економічні перетворення, бізнес та адміністрування",180,Науковий вісник Вінницької академії безперервної освіти. Серія «Екологія. Публічне управління та адміністрування» Scientific Bulletin of Vinnytsia Academy of Continuing Education. Series «Ecology. Public Administration»,Комунальний заклад вищої освіти «Вінницька академія безперервної освіти»,D4,112
13,"Економічні перетворення, бізнес та адміністрування",181,Економіка i управління Economics and Management,Національний транспортний університет,"СІ, C3, D4, D1, D2, D3, DS, 13,",112
13,"Економічні перетворення, бізнес та адміністрування",182,Збірник наукових праць Уманського національного університету,Уманський національний університет,"С1, D1, D2, D3, р5, D7, 73",112
13,"Економічні перетворення, бізнес та адміністрування",183,Демографія та соціальна економіка Demography апа Sociai Economy,"Інститут демографії та досліджень якості життя імені Михайла Птухи Національної академії наук України, Національна академія наук України","C1, C3, D2, D3, D4, 23",112
13,"Економічні перетворення, бізнес та адміністрування",184,Вісник Східноєвропейського університету економіки і менеджменту,Товариство з обмеженою відповідальність «Приватний заклад вищої освіти «Східноєвропейський університет імені Рауфа Аблязова»,"C1, C3, D1, D2, D3, D4, р5, D7, 73",113
13,"Економічні перетворення, бізнес та адміністрування",185,Економіка. Менеджмент. Бізнес,Державний університет інформаційно-комунікаційних технологій,"C1, D3, DS",113
13,"Економічні перетворення, бізнес та адміністрування",186,Економічні науки: Серія «Регіональна економіка» Economic Sciences. Series «Regional economy»,Луцький національний технічний університет,"C1, D1, D2, D3, D4",113
13,"Економічні перетворення, бізнес та адміністрування",187,Економіка і управління Economics and management,"Приватний вищий навчальний заклад «Європейський університет», Асоціація навчальних закладів України приватної форми власності","С1, D1, D2, D3, D5",113
13,"Економічні перетворення, бізнес та адміністрування",188,Вісник Маріупольського державного університету. Серія: Економіка Bulletin ої Mariupol State University. Series: Economics,Маріупольський державний університет,"C1, D3",113
13,"Економічні перетворення, бізнес та адміністрування",189,Інклюзивна економіка Inclusive Economics,Навчально-реабілітаційний заклад вищої освіти «Кам'янець-Подільський державний інститут»,"C1, D1, D2, D3, D4",113
13,"Економічні перетворення, бізнес та адміністрування",190,"Вісник Полтавського державного аграрного університету. Серія «Економіка, управління та фінанси»",Полтавський державний аграрний університет,"C1, D1, D2, D3, D5, D7",113
13,"Економічні перетворення, бізнес та адміністрування",191,Економічний вісник Дніпровського державного технічного університету,Дніпровський державний технічний університет,"C1, D1, D2, D3, D5",113
13,"Економічні перетворення, бізнес та адміністрування",192,Світ фінансів,Західноукраїнський національний університет,"C1, D1, D2, D4, D7",113
13,"Економічні перетворення, бізнес та адміністрування",193,Комунальне господарство міст. Серія: «Економічні науки»,Харківський національний університет міського господарства імені О. М. Бекетова,"C1, C3, D1, D2, D3, D4, D5, D7, 73",113
13,"Економічні перетворення, бізнес та адміністрування",194,Вісник післядипломної освіти: збірник наукових праць. Серія «Соціальні та поведінкові науки; Управління та адміністрування»,Державний заклад вищої освіти «Університет менеджменту освіти»,р4СІ,114
13,"Економічні перетворення, бізнес та адміністрування",195,Регіональні аспекти розвитку продуктивних сил України,Західноукраїнський національний університет,"C1, D3, ра",114
13,"Економічні перетворення, бізнес та адміністрування",196,Економіка і організація управління Economics and Organization of Management,Донецький національний університет імені Василя Стуса,"C1, D2, D3",114
13,"Економічні перетворення, бізнес та адміністрування",197,Економічний дискурс,"Тернопільська державна сільськогосподарська дослідна станція Інституту сільського господарства Карпатського регіону Національної академії наук України, Львівський торговельно-економічний університет, Заклад вищої освіти «Подільський державний університет», Громадська організація «Науковий клуб «СОФУС»","C1, D2, D3, D4, D7",114
13,"Економічні перетворення, бізнес та адміністрування",198,Вісник Національного університету водного господарства Ta природокористування. Серія «Економічні науки»,Національний університет водного господарства та природокористування,"C1, C3, D1, D2, D3, D5, D7",114
13,"Економічні перетворення, бізнес та адміністрування",199,"Вісник Національного технічного університету «ХПІ» (економічні науки) Bulletin of the National Technical University ""KhPI"" (economic sciences)""",Національний технічний університет «Харківський політехнічний інститут»,"C1, C3, D1, D2, D3, D4, DS, D7, J3",114
13,"Економічні перетворення, бізнес та адміністрування",200,Фінансові стратегії інноваційного розвитку економіки Financial Strategies of Innovative Economic Development,Запорізький національний університет,"C1, D1, D2, D3, DS",114
13,"Економічні перетворення, бізнес та адміністрування",201,Economics and technical engineering,Державний університет економіки і технологій,"Ci, C3, р1, D2, D3, D4, DS",114
13,"Економічні перетворення, бізнес та адміністрування",202,Вісник Дніпровської академії неперервної освіти». Серія «Публічне управління та адміністрування» Dnipro Academy of Continuing Education Herald. Series: «Public Management and Administration»,Комунальний заклад вищої освіти «Дніпровська академія неперервної освіти» Дніпропетровської обласної ради,D4,115
13,"Економічні перетворення, бізнес та адміністрування",203,Геополітика України: історія і сучасність Geopolitics of Ukraine: history and modern times,Державний вищий навчальний заклад «Ужгородський національний університет»,"C1, C3, D4",115
13,"Економічні перетворення, бізнес та адміністрування",204,Збірник наукових праць Державного податкового університету Collection of Scientific Papers ої the State Tax University,Державний податковий університет,"Cl, D1, D2, D3, D4, DS",115
13,"Економічні перетворення, бізнес та адміністрування",205,Інтелектуалізація логістики Ta управління ланцюгами постачання,Товариство з обмеженою відповідальністю «Віолд»,"C1, D3, р5",115
13,"Економічні перетворення, бізнес та адміністрування",206,Економічний часопис Волинського національного університету імені Лесі Українки,Волинський національний університет імені Лесі Українки,"Cl, р1, D2, D3, D5, D7",115
14,Право,1,Соціально-правові студії,Львівський державний університет внутрішніх справ,D8,116
14,Право,2,Право. Людина. Довкілля,Національний університет біоресурсів і природокористування України,"D8, D9",116
14,Право,3,Вісник Харківського національного університету внутрішніх справ Bulletin of Kharkiv National University of Internal Affairs,Харківський національний університет внутрішніх справ,"D8, D9",116
14,Право,4,Архів кримінології Ta судових наук Archives of Criminology and Forensic Sciences Archives de criminologie et de sciences judiciaires Archiv fiir Kriminologie und forensische Wissenschaften Archiwum Kryminologii i Nauk Sadowych,Національний науковий центр «Інститут судових експертиз ім. Засл. проф. М.С. Бокаріуса»,D8,116
14,Право,5,Теорія та практика судової експертизи і криміналістики Theory and Practice of Forensic Science and Criminalistics,Національний науковий центр «Інститут судових експертиз ім. Засл. проф. М.С. Бокаріуса» Національний юридичний університет імені Ярослава Мудрого,D8,116
14,Право,6,Економіка та право Economics and Law,Державна установа «Інститут економіко-правових досліджень імені В. К. Мамутова НАН України» Національна академія наук України Донецький національний технічний університет,"D8, D9",116
14,Право,7,Наукові записки НАУКМА. Юридичні науки,Національний університет «Києво-Могилянська академія»,"D8, D9",116
14,Право,8,Право та науки,ЗВО «Львівський університет бізнесу та права» Міжнародний Антикримінальний і Антитерористичний комітет Львівської області,"D8, D9",117
14,Право,9,"Philosophy, Economics and Law Review",Дніпровський державний університет внутрішніх справ,D8,117
14,Право,10,lus Модегпит,Державний торговельно-економічний університет,"D8, D9",117
14,Право,11,Науковий вісник Херсонського державного університету. Серія «Юридичні науки» Scientific Bulletin of Kherson State University. Series «Legal Sciences»,Херсонський державний університет,"D8, 09",117
14,Право,12,Юридичний часопис Національної академії внутрішніх справ Law Journal of the National Academy of Internal Affairs,Національна академія внутрішніх справ,"D8, D9",117
14,Право,13,Актуальні проблеми права: теорія і практика Topical issues of law: theory and practice,Східноукраїнський національний університет імені Володимира Даля,"D8, 09",117
14,Право,14,Адміністративне право i процес Administrative Law and Process,Громадська Організація «Українсько-німецький правознавчий діалог»,"D8, D9",117
14,Право,15,Науковий вісник Ужгородського національного університету. Серія: Право Uzhhorod National University Herald. Series: Law,Державний вищий навчальний заклад «Ужгородський національний університет»,"08, р9",117
14,Право,16,Екологічне право,Інститут державиі права імені В. М. Корецького HAH України Інститут законодавчих передбачень та правової експертизи,D8,117
14,Право,17,Соціологія права,Інститут державиі права імені В. М. Корецького HAH України Інститут законодавчих передбачень та правової експертизи,D8,117
14,Право,18,Вісник Національної академії правових наук України,Національна академія правових наук України Національний юридичний університет імені Ярослава Мудрого,"D8, D9",118
14,Право,19,Криміналістика і судова експертиза,Київський науково-дослідний інститут судових експертиз Міністерства юстиції України,"D8, D9",118
14,Право,20,Проблеми законності Problems of Legality,Національний юридичний університет імені Ярослава Мудрого,"D8, D9",118
14,Право,21,Вісник Пенітенціарної асоціації України Bulletin of the Penitentiary association of Ukraine,"Приватна установа «Науково-дослідний інститут публічного права» Громадська організація ""Всеукраїнська пенітенціарна асоціація України""","D8, D9",118
14,Право,22,Київський часопис права Kyiv Law Journal,Київський національний економічний університет імені Вадима Гетьмана,"D8, D9",118
14,Право,23,Закон. Держава. Технологія Law. State. Technology,Національний технічний університет «Дніпровська політехніка»,D8&,118
14,Право,24,"Вісник Харківського національного університету імені В. Н. Каразіна. Серія «Право» The Journal of У. N. Karazin Kharkiv National University. Series ""Law",Харківський національний університет імені В. Н. Каразіна,"8, ро",118
14,Право,25,Український часопис міжнародного права,Львівський національний університет імені Івана Франка Всеукраїнська громадська організація «Українська асоціація міжнародного права»,"D8, D9",118
14,Право,26,Форум права,Харківський національний університет внутрішніх справ,"D8, D9",118
14,Право,27,Теорія і практика інтелектуальної власності,Науково-дослідний інститут інтелектуальної власності НАПРН України,"D8, D9",118
14,Право,28,Університетські наукові записки,Хмельницький університет управління та права імені Леоніда Юзькова,"D8, D9",119
14,Право,29,Філософські та методологічні проблеми права Philosophical and Methodological Problems of Law,Національна академія внутрішніх справ,08,119
14,Право,30,Науковий вісник Національної академії внутрішніх справ Scientific Journal of the National Academy of Internal Affairs,Національна академія внутрішніх справ,"D8, D9",119
14,Право,31,Актуальні проблеми і держави права Current Problems of State and Law,Національний університет «Одеська юридична академія»,"D8, D9",119
14,Право,32,Європейський правничий часопис,Приватний вищий навчальний заклад «Європейський університет»,"D8, D9",119
14,Право,33,Вісник Одеського науково-дослідного інституту судових експертиз Міністерства юстиції України,Одеський науково-дослідний інститут судових експертиз Міністерства юстиції України,D8,119
14,Право,34,Вісник Київського національного університету імені Тараса Шевченка. Юридичні науки Bulletin of Taras Shevchenko National University of Kyiv. Legal Studies,Київський національний університет імені Тараса Шевченка,D8,119
14,Право,35,Актуальні проблеми вітчизняної юриспруденції Actual Problems of Native Jurisprudence,Дніпровський національний університет імені Олеся Гончара,"D8, D9",119
14,Право,36,Правова держава Constitutional State,Одеський національний університет імені І. І. Мечникова,"D8, D9",119
14,Право,37,Вісник Львівського університету. Серія юридична Visnyk ої the Lviv University. Series Law,Львівський національний університет імені Івана Франка,р8,119
14,Право,38,Вісник Маріупольського державного університету. Серія: Право Bulletin of Mariupol State University. Series: Law,Маріупольський державний університет,"D8, D9",119
14,Право,39,Прикарпатський юридичний вісник Subcarpathian Law Herald,Національний університет «Одеська юридична академія»,"D8, D9",120
14,Право,40,Актуальні проблеми вдосконалення чинного законодавства України Actual problems of improving ої current legislation of Ukraine,Карпатський національний університет імені Василя Стефаника,D8,120
14,Право,41,Вчені записки Таврійського національного університету імені В. І. Вернадського. Серія: Юридичні науки Scientific Notes of Taurida National V. I. Vernadsky University. Series: Juridical Sciences,Таврійський національний університет імені В. І. Вернадського,"D8, D9",120
14,Право,42,Приватне Ta публічне право Private and Public Law,Державне некомерційне підприємство «Державний Університет «Київський авіаційний інститут»,"D8, D9",120
14,Право,43,"Проблеми сучасних трансформацій. Серія: право, публічне управління та адміністрування Problems of Modern Transformations. Series: Law, Public Management and Administration",ГО «Науково-освітній інноваційний центр суспільних трансформацій»,"D8, D9",120
14,Право,44,Актуальні проблеми правознавства,Західноукраїнський національний університет,D8,120
14,Право,45,Юридичний бюлетень Law Bulletin,Одеський державний університет внутрішніх справ,"D8, DI",120
14,Право,46,Криміналістичний вісник,Державний науково-дослідний експертно-криміналістичний центр МВС України Національна академія внутрішніх справ,D8,120
14,Право,47,Право та інноваційне суспільство,Науково-дослідний інститут правового забезпечення інноваційного розвитку НАПРН України,"р8, р9",120
14,Право,48,Ап of Justice,Заклад вищої освіти «Університет Короля Данила»,D8,121
14,Право,49,Питання боротьби зі злочинністю,Науково-дослідний інститут вивчення проблем злочинності імені академіка В. В. Сташиса НАПРН України,D8,121
14,Право,50,Customs Scientific Journal Науковий журнал митної справи,Університет митної справи Ta фінансів,"D8, D9",121
14,Право,51,Науковий вісник публічного та приватного права Scientific Bulletin of Public and Private Law,Приватна установа «Науково-дослідний інститут публічного права»,"D8, D9",121
14,Право,52,International Bulletin on Public Administration and Legal Affairs,Приватна установа «Науково- дослідний інститут публічного права»,"D8, D9",121
14,Право,53,Публічне право,Державний вищий навчальний заклад «Ужгородський національний університет»,"D8, D9",121
14,Право,54,Альманах міжнародного права International Law Almanac,Міжнародний університет,"D8, D9",121
14,Право,55,Юридичний вісник Law Herald,Національний університет «Одеська юридична академія»,"D8, D9",121
14,Право,56,Ампаро Amparo,Запорізький національний університет,"D8, D9",121
14,Право,57,Часопис Київського університету права,Київський університет права НАН України,"D8, D9",121
14,Право,58,Наукові праці Національного університету «Одеська юридична академія» Research Papers of National University «Odesa Law Academy»,Національний університет «Одеська юридична академія»,"D8, D9",121
14,Право,59,Знання європейського права Juris Europensis Scientia,Національний університет «Одеська юридична академія»,"D8, D9",121
14,Право,60,Інформація і право,"Державна наукова установа «Інститут інформації, безпеки і права НАПрН України» Національна бібліотека України імені В.І. Вернадського НАН України",D8,122
14,Право,61,Київський юридичний журнал Kyiv Law Bulletin,Приватний вищий навчальний заклад «Фінансово-правовий коледж»,р8,122
14,Право,62,Науковий часопис Українського державного університету імені Михайла Драгоманова. Серія 18. Право,Український державний університет імені Михайла Драгоманова,D8,122
14,Право,63,"Entrepreneurship, Economy and Law",Науково-дослідний інститут приватного права і підприємництва імені академіка Ф. Г. Бурчака НАПрН України,"D8, D9",122
14,Право,64,Наукові записки. Серія: Право,Центральноукраїнський державний університет імені Володимира Винниченка,D8,122
14,Право,65,Право та інновації,Науково-дослідний інститут правового забезпечення інноваційного розвитку НАПРН України,"D8, D9",122
14,Право,66,Правовий часопис Донбасу Law Journal of Donbass,Донецький державний університет внутрішніх справ,8,122
14,Право,67,Вісник Національного університету «Львівська політехніка». Серія: «Юридичні науки» Bulletin of Lviv Polytechnic National University. Series: «Legal Sciences»,Національний університет «Львівська політехніка»,D8,122
14,Право,68,Вісник Одеського національного університету. Правознавство Odesa National University Herald. Jurisprudence,Одеський національний університет імені І. І. Мечникова,"D8, D9",122
14,Право,69,Слово Національної школи суддів України,Національна школа суддів України,"D8, D9",122
14,Право,70,Вісник Асоціації кримінального права України,Національний юридичний університет імені Ярослава Мудрого Громадська організація «Всеукраїнська асоціація кримінального права»,"D8, D9",123
14,Право,71,Ерліхівський журнал Ehrlich’s Journal,Чернівецький національний університет імені Юрія Федьковича,D8,123
14,Право,72,Приватне право і підприємництво,Науково-дослідний інститут приватного права і підприємництва імені академіка Ф.Г. Бурчака НАПрН України,"D8, D9",123
14,Право,73,Правова позиція Legal Position,Університет митної справи та фінансів,"D8, D9",123
14,Право,74,Ірпінський юридичний часопис,Державний податковий університет,"D8, D9",123
14,Право,75,Науковий вісник НДІ проблем досудового розслідування,"Приватна організація (Установа, Заклад) «Науково-дослідний інститут проблем досудового розслідування» Адвокатське об'єднання «ДЕФЕНСОРЕС» Приватна установа «Науково-дослідний інститут публічного права»",D8,123
14,Право,76,ScienceRise: Juridical Science,Приватне підприємство «Технологічний центр» Інститут державиі права ім. В. М. Корецького НАН України,"D8, D9",123
14,Право,77,Цивілістична платформа,Громадська організація «Цивілістична платформа»,"D8, D9",123
14,Право,78,Південноукраїнський правничий часопис South Ukrainian Law Journal,Одеський державний університет внутрішніх справ,"D8, D9",123
14,Право,79,Наукові праці Міжрегіональної Академії управління персоналом. Юридичні науки Scientific Works ої Interregional Academy of Personnel Management. Legal Sciences,ПАТ «Вищий навчальний заклад Міжрегіональна академія управління персоналом»,"D8, DY",123
14,Право,80,Експерт: парадигми юридичних наук і державного управління Expert: Paradigm of Law and Public Administration,ПАТ «Вищий навчальний заклад Міжрегіональна академія управління персоналом»,"D8, D9",124
14,Право,81,Право і суспільство Law and Society,Вищий навчальний приватний заклад «Дніпровський гуманітарний університет» Національна академія внутрішніх справ,"D8, D9",124
14,Право,82,Науковий вісник Міжнародного гуманітарного університету. Серія: «Юриспруденція» International Humanitarian University Herald. Jurisprudence,Міжнародний університет,"D8, D9",124
14,Право,83,Медичне право,Державне некомерційне підприємство «Львівський національний медичний університет імені Данила Галицького» Львівський обласний благодійний фонд «Медицина і право» Громадська організація «Фундація медичного права та біоетики України» Науково-дослідний інститут інтелектуальної власності НАПРН України,08,124
14,Право,84,Dictum Factum,Національний транспортний університет,"D8, D9",124
14,Право,85,Часопис цивілістики Journal of Civil Studies,Національний університет «Одеська юридична академія»,"D8, D9",124
14,Право,86,Нове українське право New Ukrainian Law,Інститут правотворчості та науково-правових експертиз НАН України,"D8, D9",124
14,Право,87,"«Правова Щорічник держава». наукових праць Yearly journal of scientific articles ""Pravova derzhava",Інститут держави і права імені В. М. Корецького НАН України,"D8, D9",124
14,Право,88,Історико-правовий часопис History and Law Journal,Волинський національний університет імені Лесі Українки,"D8, D9",124
14,Право,89,Збірник наукових праць Харківського національного педагогічного університету імені Г.С. Сковороди «Право»,Харківський національний педагогічний університет імені Г.С. Сковороди,"D8, D9",125
14,Право,90,Migration & Law,ПАТ «Вищий навчальний заклад Національна академія управління»,"D8, DI",125
14,Право,91,Вісник кримінального судочинства Scientific-practical journal Herald of Criminal Justice,ТОВ «Правова єдність» Національна академія Служби безпеки України Національна академія внутрішніх справ Київський національний університет імені Тараса Шевченка,"D8, D9",125
14,Право,92,Теорія і практика правознавства Theory and practice of jurisprudence,Національний юридичний університет імені Ярослава Мудрого,"8, р9",125
15,Гуманітарні науки та мистецтво,1,Культура і мистецтво у сучасному світі Culture and Arts in the Modern World,Київський національний університет культури і мистецтв,"ВІ, В2, BS, ВІ2, Вб",126
15,Гуманітарні науки та мистецтво,2,"Cognition, Communication, Discourse Когніція, комунікація, дискурс",Харківський національний університет імені В. Н. Каразіна,Bll,126
15,Гуманітарні науки та мистецтво,3,Research Trends іп Modern Linguistics and Literature,Волинський національний університет імені Лесі Українки,Bll,126
15,Гуманітарні науки та мистецтво,4,Interdisciplinary Cultural and Humanities Review,"Товариство з обмеженою відповідальністю «Наукові журнали», співзасновник: Інститут культурології національної академії мистецтв України","ВІ, B2, ВА, BS, B6, B7, B9, ВІ2",126
15,Гуманітарні науки та мистецтво,5,Схід Skhid,Київський столичний університет імені Бориса Грінченка,"B7, В9, B10",126
15,Гуманітарні науки та мистецтво,6,Культура України,Харківська державна академія культури,"ВІ, BS, Вб, B12",126
15,Гуманітарні науки та мистецтво,7,Актуальні проблеми духовності,Криворізький державний педагогічний університет,B10,126
15,Гуманітарні науки та мистецтво,8,Слово i Час Word and Time,"Інститут літератури ім. T. Г. Шевченка Національної академії наук України, співзасновник: Національна академія наук України",Bll,126
15,Гуманітарні науки та мистецтво,9,Актуальні проблеми української лінгвістики: теорія і практика Current issues of Ukrainian linguistics : theory and practice,Київський національний університет імені Тараса Шевченка,Bll,126
15,Гуманітарні науки та мистецтво,10,Науковий щорічник «Історія релігій в Україні»,"КЗ ЛОР «Львівський музей історії релігії», співзасновник: Інститут української археографії та джерелознавства ім. М. С. Грушевського Національної академії наук України",B9,127
15,Гуманітарні науки та мистецтво,11,Київська Академія,Національний університет «Києво-Могилянська академія»,"B8, B9, B10, B11",127
15,Гуманітарні науки та мистецтво,12,Сумський історико-архівний журнал Sumy Historical and Archival Journal,Сумський державний університет,"BY, B12",127
15,Гуманітарні науки та мистецтво,13,Вісник Київського національного університету культури і мистецтв. Серія: Мистецтвознавство Bulletin of Kyiv National University of Culture and Arts. Series in Arts,Київський національний університет культури і мистецтв,"ВІ, В2, В5, Вб",127
15,Гуманітарні науки та мистецтво,14,Вісник Київського національного університету культури і мистецтв. Серія: Музичне мистецтво Bulletin of Kyiv National University of Culture and Arts. Series in Musical Art,Київський національний університет культури і мистецтв,BS,127
15,Гуманітарні науки та мистецтво,15,Китаєзнавчі дослідження,"Інститут сходознавства ім. A. Ю. Кримського Національної академії наук України, співзасновники: Громадська організація «Українська асоціація китаєзнавців», Державний вищий навчальний заклад «Київський національний економічний університет імені Вадима Гетьмана», співзасновники: Громадська організація «Українська асоціація китаєзнавців», Державний вищий навчальний заклад «Київський національний економічний університет імені Вадима Гетьмана»","B11, B10, B9, B7",127
15,Гуманітарні науки та мистецтво,16,"Синопсис: текст, контекст, медіа Synopsis: Text, Context, Media",Київський столичний університет імені Бориса Грінченка,ВІЇ,128
15,Гуманітарні науки та мистецтво,17,Українське мовознавство Ukrainian Linguistics,Київський національний університет імені Тараса Шевченка,Bll,128
15,Гуманітарні науки та мистецтво,18,Науковий вісник Ізмаїльського державного гуманітарного університету. Серія: Історичні науки,Ізмаїльський державний гуманітарний університет,B9,128
15,Гуманітарні науки та мистецтво,19,Теорія та практика дизайну Theory and Practice of Design,Державне некомерційне підприємство «Державний Університет «Київський авіаційний інститут»,"В2, ВА, В9, B12",128
15,Гуманітарні науки та мистецтво,20,Філологічні Студії Studia Philologica,Київський столичний університет імечі Бориса Грінченка,ВІЇ,128
15,Гуманітарні науки та мистецтво,21,"Language: Codification, Competence, Communication",Черкаський державний технологічний університет,Bll,128
15,Гуманітарні науки та мистецтво,22,Нова філологія New Philology,Запорізький національний університет,Bil,128
15,Гуманітарні науки та мистецтво,23,Проблеми слов'янознавства Problems ої Slavonic Studies,Львівський національний університет імені Івана Франка,"В9, ВІЇ",128
15,Гуманітарні науки та мистецтво,24,"Деміург: ідеї, технології, перспективи дизайну Demiurge: ideas, technologies, perspectives of desig",Київський національний університет культури і мистецтв,B2,128
15,Гуманітарні науки та мистецтво,25,З архівів ВУЧУК-ГПУ-НКВД-КГБ From archives of VUChK-GPU- NKVD-KGB,Інститут історії України Національної академії наук України,B9,128
15,Гуманітарні науки та мистецтво,26,Волинський благовісник Volynskyi Blahovisnyk,Волинська православна богословська академія,B8,128
15,Гуманітарні науки та мистецтво,27,Вісник Київського національного університету імені Тараса Шевченка. Історія Bulletin of Taras Shevchenko National University of Kyiv. History,Київський національний університет імені Тараса Шевченка,"В9, B12",129
15,Гуманітарні науки та мистецтво,28,Український селянин Ukrainian peasant,Черкаський національний університет імені Богдана Хмельницького,B9,129
15,Гуманітарні науки та мистецтво,29,Слобожанські мистецькі студії Sloboda Art Studies,Сумський державний педагогічний університет імені А. С. Макаренка,BS,129
15,Гуманітарні науки та мистецтво,30,Питання літературознавства,"Чернівецький національний університет імені Юрія Федьковича, співзасновник: Інститут літератури ім. Т. Г. Шевченка Національної академії наук України",Bil,129
15,Гуманітарні науки та мистецтво,31,Науковий вісник Національної музичної академії України імені П.І. Чайковського,Національна музична академія України,BS,129
15,Гуманітарні науки та мистецтво,32,"Acta Academiae Beregsasiensis, Philologica",Закарпатський угорський університет імені Ференца Ракоці II,Bll,129
15,Гуманітарні науки та мистецтво,33,Сучасні літературознавчі студії,Київський національний лінгвістичний університет,Bll,129
15,Гуманітарні науки та мистецтво,34,"Місто: історія, культура, суспільство City: History, Culture, Society",Інститут історії України Національної академії наук України,B9,129
15,Гуманітарні науки та мистецтво,35,Аспекти історичного музикознавства,Харківський національний університет мистецтв імені І. П. Котляревського,BS,129
15,Гуманітарні науки та мистецтво,36,"Проблеми взаємодії мистецтв, педагогіки теорії і практики та освіти",Харківський національний університет мистецтв імені І. П. Котляревського,В5,129
15,Гуманітарні науки та мистецтво,37,Zaporizhzhia Historical Review Запорізький історичний огляд,Запорізький національний університет,B9,130
15,Гуманітарні науки та мистецтво,38,Філологічні трактати Philological Treatises,Сумський державний університет,ВІЇ,130
15,Гуманітарні науки та мистецтво,39,Київські історичні студії Kyiv Historical Studies,Київський столичний університет імені Бориса Грінченка,В9,130
15,Гуманітарні науки та мистецтво,40,"Наукові записки Національного університету «Острозька академія»: серія «Філософія» Scientific Notes ої Ostroh Academy National University, Philosophy Series",Національний університет «Острозька академія»,B10,130
15,Гуманітарні науки та мистецтво,41,Галич,"Карпатський національний університет імені Василя Стефаника, співзасновники: ТОВ «Лілея-НВ», Центр медієвістичних студій, Національний заповідник «Давній Галич»",B9,130
15,Гуманітарні науки та мистецтво,42,Новітня доба Contemporary era,Інститут українознавства ім. І. Крип'якевича Національної академії наук України,B9,130
15,Гуманітарні науки та мистецтво,43,Вісник Харківського національного університету імені В. Н. Каразіна. Серія «Іноземна філологія. Методика викладання іноземних мов» The Journal of У. М. Karazin Kharkiv National University. Series Foreign Philology. Methods of Foreign Language Teachin,Харківський національний університет імені В. Н. Каразіна,ВІЇ,130
15,Гуманітарні науки та мистецтво,44,Вісь Європи Axis Europae,Центр східноєвропейських наукових студій,B9,130
15,Гуманітарні науки та мистецтво,45,Вісник Київського авіаційного інституту. Cepia: Філософія. Культурологія Proceedings of the Kyiv Aviation Institute. Series: Philosophy. Culturology,Державне некомерційне підприємство «Державний Університет «Київський авіаційний інститут»,"B10, B12, B7, B&",130
15,Гуманітарні науки та мистецтво,46,Київське музикознавство,Київська муніципальна академія музики ім. Р. М. Глієра,BS,131
15,Гуманітарні науки та мистецтво,47,"Україна: культурна спадщина, національна свідомість, державність Ukraine: cultural heritage, national consciousness, statehood",Інститут українознавства ім. І. Крип'якевича Національної академії наук України,"В9, ВІЇ",131
15,Гуманітарні науки та мистецтво,48,Вісник Харківського національного університету імені В. Н. Каразіна. Серія «Історія України. Українознавство: історичні та філософські науки» У. М. Karazin Kharkiv National University Bulletin. Series History of Ukraine. Ukrainian Studies: Historical and Philosophical Sciences,Харківський національний університет імені В. Н. Каразіна,B9,131
15,Гуманітарні науки та мистецтво,49,Часопис Національної музичної академії України ім. П. І. Чайковського,Національна музична академія України,"В5, B6, B12",131
15,Гуманітарні науки та мистецтво,50,Наукові записки НАУКМА. Історичні науки,Національний університет «Києво-Могилянська академія»,B9,131
15,Гуманітарні науки та мистецтво,51,Питання культурології Issues in Cultural Studies,Київський національний університет культури і мистецтв,ВІ2,131
15,Гуманітарні науки та мистецтво,52,Вісник Київського національного університету імені Тараса Шевченка. Літературознавство. Мовознавство. Фольклористика Bulletin of Taras Shevchenko National University of Kyiv. Literary studies. Linguistics. Folklore Studies,Київський національний університет імені Тараса Шевченка,ВІЇ,131
15,Гуманітарні науки та мистецтво,53,"Епістемологічні дослідження в філософії, соціальних і політичних науках Epistemological studies іп Philosophy, Social and Political Sciences",Дніпровський національний університет імені Олеся Гончара,"B7, B10, B12",131
15,Гуманітарні науки та мистецтво,54,Наукові записки Тернопільського національного педагогічного університету імені Володимира Гнатюка. Серія: Історія,Тернопільський національний педагогічний університет імені Володимира Гнатюка,B9,132
15,Гуманітарні науки та мистецтво,55,Старожитності Лукомор'я Antiquities ої Lukomorie,Творча спілка «Миколаївська обласна організація Національної спілки краєзнавців України»,"В9, B12",132
15,Гуманітарні науки та мистецтво,56,Теорія і практика викладання української іноземної мови як,Львівський національний університет імені Івана Франка,Bll,132
15,Гуманітарні науки та мистецтво,57,Записки романо-германської = 3 філології Writings іп Romance-Germanic Philology,Одеський національний університет імені І. І. Мечникова,Bll,132
15,Гуманітарні науки та мистецтво,58,Краєзнавство Kraieznavstvo,Національна спілка краєзнавців України,"B9, B12, B7, B11, B10",132
15,Гуманітарні науки та мистецтво,59,Вісник Харківського національного університету імені В. Н. Каразіна. Серія «Філологія» The Journal of У. М. Karazin Kharkiv National University. Series Philology,Харківський національний університет імені В. Н. Каразіна,Bll,132
15,Гуманітарні науки та мистецтво,60,Professional Art Education,Харківський національний педагогічний університет імені Г. С. Сковороди,"ВІ, В2, ВА, В5, B6",133
15,Гуманітарні науки та мистецтво,61,Вісник Львівського університету. Серія мистецтвознавство Bulletin of the Lviv University. Series of Arts Studies,Львівський національний університет імені Івана Франка,"B4, BS, Вб",133
15,Гуманітарні науки та мистецтво,62,Мовні i концептуальні картини світу Linguistic and Conceptual Worldviews,Київський національний університет імені Тараса Шевченка,Bll,133
15,Гуманітарні науки та мистецтво,63,Проблеми всесвітньої історії Problems of World History,Державна установа «Інститут всесвітньої історії Національної академії наук України»,B9,133
15,Гуманітарні науки та мистецтво,64,Філологічні листки Folia Philologica,Київський національний університет імені Тараса Шевченка,Bll,133
15,Гуманітарні науки та мистецтво,65,Дитяча література: інтердисциплінарний дискурс Children's literature: interdisciplinary discourse,Карпатський національний університет імені Василя Стефаника,Bll,133
15,Гуманітарні науки та мистецтво,66,Мова Mova,Одеський національний університет імені I. І. Мечникова,Bll,133
15,Гуманітарні науки та мистецтво,67,Філологічні студії: Науковий вісник Криворізького державного педагогічного університету Philological Studies: Scientific Bulletin of Kryvyi Rih State Pedagogical University,Криворізький державний педагогічний університет,Bll,133
15,Гуманітарні науки та мистецтво,68,Культурологічна думка,Інститут культурології Національної академії мистецтв України,"ВІ, В2, ВА, В5, B6, B12",133
15,Гуманітарні науки та мистецтво,69,Мультиверсум. Філософський альманах,"Громадська організація «Філософсько-гуманістична асоціація», співзасновник: Інститут філософії імені Г. С. Сковороди Національної академії наух України","B7, B10",134
15,Гуманітарні науки та мистецтво,70,"Літературний процес: методологія, імена, тенденції",Київський столичний університет імені Бориса Грінченка,ВІЇ,134
15,Гуманітарні науки та мистецтво,71,Astraea,Харківський національний педагогічний університет імені Г. С. Сковороди,Bll,134
15,Гуманітарні науки та мистецтво,72,Мистецтвознавчі записки Notes on Art Criticism,Національна академія керівних кадрів культури і мистецтв,"ВІ, В2, ВА, B5, Вб, B7, BY, B12",134
15,Гуманітарні науки та мистецтво,73,Культура i сучасність Culture and Contemporaneity,Національна академія керівних кадрів культури і мистецтв,"ВІ, В2, B4, В5, Вб, B7, BY, B12",134
15,Гуманітарні науки та мистецтво,74,Лінгвістичні студії Linguistic Studies,Донецький національний університет імені Василя Стуса,Bll,134
15,Гуманітарні науки та мистецтво,75,Наукові записки НаУКМА. Філософія та релігієзнавство,Національний університет «Києво-Могилянська академія»,"B7, B10",134
15,Гуманітарні науки та мистецтво,76,Наукові записки НаУКМА. Історія і теорія культури,Національний університет «Києво-Могилянська академія»,ВІ2,134
15,Гуманітарні науки та мистецтво,77,Folium,Карпатський національний університет імені Василя Стефаника,Bll,134
15,Гуманітарні науки та мистецтво,78,Сучасні дослідження з німецької історії Modern Studies іп German History,Дніпровський національний університет імені Олеся Гончара,B9,134
15,Гуманітарні науки та мистецтво,79,"Науковий i культурно-просвітній краєзнавчий часопис «Галичина» The scientific, cultural and educational local history journal «Halychyna»",Карпатський національний університет імені Василя Стефаника,B9,134
15,Гуманітарні науки та мистецтво,80,Міжнародний філологічний часопис International journal of philology,Національний університет біоресурсів і природокористування України,"B11, B10",135
15,Гуманітарні науки та мистецтво,81,Вісник Харківського національного університету імені В. Н. Каразіна. Серія «Історія» The Journal of У. М. Karazin Kharkiv National University. Series History,Харківський національний університет імені В. Н. Каразіна,B9,135
15,Гуманітарні науки та мистецтво,82,Художня культура. Актуальні проблеми Artistic culture. Topical Issues,Інститут проблем сучасного мистецтва Національної академії мистецтв України,"ВА, BS, Вб, B9, ВІ11, ВІ2",135
15,Гуманітарні науки та мистецтво,83,Філософія освіти Philosophy of Education,"Інститут вищої освіти Національної академії педагогічних наук України, співзасновник: Український державний університет імені Михайла Драгоманова",B10,135
15,Гуманітарні науки та мистецтво,84,Вісник Київського національного лінгвістичного університету. Серія «Філологія»,Київський національний лінгвістичний університет,Bll,135
15,Гуманітарні науки та мистецтво,85,Записки з українського мовознавства,Одеський національний університет імені I. І. Мечникова,ВІЇ,135
15,Гуманітарні науки та мистецтво,86,Українська мова,"Інститут української мови Національної академії наук України, співзасновник: Національна академія наук України",Bll,135
15,Гуманітарні науки та мистецтво,87,Культурологічний альманах Culturological Almanac,Український державний університет імені Михайла Драгоманова,"B7, B10, B12",135
15,Гуманітарні науки та мистецтво,88,Філософська думка Philosophical Thought,Інститут філософії імені Г. С. Сковороди HAH України,"B10, B7",135
15,Гуманітарні науки та мистецтво,89,ХУДПРОМ: Український журнал з мистецтва і дизайну HUDPROM: The Ukrainian Art and Design Journal,Харківська державна академія дизайну і мистецтв,"B2, ВА",136
15,Гуманітарні науки та мистецтво,90,Вісник Київського національного університету імені Тараса Шевченка. Східні мови та літератури Bulletin of Taras Shevchenko National University of Kyiv. Oriental Languages and Literatures,Київський національний університет імені Тараса Шезченка,"B11, ВІ2",136
15,Гуманітарні науки та мистецтво,91,Текст i образ: Актуальні проблеми історії мистецтва,"Київський національний університет імені Тараса Шевченка, співзасновник: Демчук Стефанія Андріївна",B9,136
15,Гуманітарні науки та мистецтво,92,Слобожанський науковий вісник. Серія: Філологія Sloboda Scientific Journal. Philology,Сумський державний педагогічний університет імені A. С. Макаренка,Bll,136
15,Гуманітарні науки та мистецтво,93,Мистецтвознавчі Ta культурологічні студії Fine Art and Culture Studies,Волинський національний університет імені Лесі Українки,"ВА, BS, B12",136
15,Гуманітарні науки та мистецтво,94,Українознавство Ukrainian Studies,Київський національний університет імені Тараса Шевченка,"B9, B10, B11",136
15,Гуманітарні науки та мистецтво,95,Наукові записки. Серія: Філологічні науки Research Bulletin. Series: Philological Sciences,Центральноукраїнський державний університет імені Володимира Винниченка,Bll,136
15,Гуманітарні науки та мистецтво,96,"Проблеми семантики, прагматики та когнітивної лінгвістики",Київський національний університет імені Тараса Шевченка,Bil,136
15,Гуманітарні науки та мистецтво,97,Сучасні дослідження з іноземної філології Contemporary Studies in Foreign Philology,Державний вищий навчальний заклад «Ужгородський національний університет»,Bil,136
15,Гуманітарні науки та мистецтво,98,З історії західноукраїнських земель From the history of Western Ukraine,Інститут українознавства ім. І. Крип'якевича Національної академії наук України,B9,136
15,Гуманітарні науки та мистецтво,99,"Вісник Київського національного лінгвістичного університету. Серія Історія, економіка, філософія",Київський національний лінгвістичний університет,B9,137
15,Гуманітарні науки та мистецтво,100,Актуальні питання іноземної філології,Волинський національний університет імені Лесі Українки,Bll,137
15,Гуманітарні науки та мистецтво,101,Вісник Харківського національного університету імені В. Н. Каразіна. Серія «Філософія. Філософські перипетії» The Journal of У. М. Karazin Kharkiv National University. Series Philosophy. Philosophical Peripeteias,Харківський національний університет імені В. Н. Каразіна,B10,137
15,Гуманітарні науки та мистецтво,102,Art and Design,Київський національний університет технологій Ta дизайну,B2,137
15,Гуманітарні науки та мистецтво,103,"Наукові записки Національного університету «Острозька академія»: серія «Філологія» Scientific Notes of Ostroh Academy National University, Philology Series",Національний університет «Острозька академія»,Bll,137
15,Гуманітарні науки та мистецтво,104,Вісник Національної академії керівних кадрів культури і мистецтв National Academy of Managerial Staff of Culture and Arts Herald,Національна академія керівних кадрів культури і мистецтв,"B4, В5, Вб, B12",137
15,Гуманітарні науки та мистецтво,105,Проблеми гуманітарних наук: збірник наукових праць Дрогобицького державного педагогічного університету імені Івана Франка. Серія «Філологія» Problems of Humanities: A Collection of Scientific Works of Drohobych Ivan Franko State Pedagogical University Series «Philology»,Дрогобицький державний педагогічний університет імені Івана Франка,Bll,137
15,Гуманітарні науки та мистецтво,106,Сіверянський літопис,Національний університет «Чернігівський колегіум» імені T. Г. Шевченка,"B9, B11",137
15,Гуманітарні науки та мистецтво,107,Наукові записки Бердянського державного педагогічного університету. Філологічні науки Scientific papers of Berdyansk State Pedagogical University. Philological sciences,Бердянський державний педагогічний університет,Bll,138
15,Гуманітарні науки та мистецтво,108,"Вісник Національного університсту імені юридичного Ярослава Мудрого. Серія: Філософія, філософія права, політологія, соціологія The Bulletin of Yaroslav Mudryi National Law University. Series: Philosophy, philosophy of law, political science, sociol",Національний юридичний університет імені Ярослава Мудрого,B10,138
15,Гуманітарні науки та мистецтво,109,Мистецтвознавство України: Збірник наукових праць АКТ RESEARCH OF UKRAINE: A Collection of Academic Articles,Інститут проблем сучасного мистецтва Національної академії мистецтв України,"B4, BS, Вб, В9, B11, B12",138
15,Гуманітарні науки та мистецтво,110,Мовознавчий вісник Linguistic Bulletin,Черкаський національний університет імені Богдана Хмельницького,Bll,138
15,Гуманітарні науки та мистецтво,111,Іноземна філологія Inozemna Philologia,Львівський національний університет імені Івана Франка,Bll,138
15,Гуманітарні науки та мистецтво,112,Етномузика Ethnomusic,Львівська національна музична академія імені М. В. Лисенка,BS,138
15,Гуманітарні науки та мистецтво,113,Українські історичні студії Ukrainian Historical Studies,Дрогобицький державний педагогічний університет імені Івана Франка,"В9, В7, ВІ2",138
15,Гуманітарні науки та мистецтво,114,Вісник Львівського університету. Серія філологічна Visnyk of the Lviv University. Series Philology,Львівський національний університет імені Ївана Франка,Bll,138
15,Гуманітарні науки та мистецтво,115,Літопис Волині,Волинський національний університет імені Лесі Українки,B9,138
15,Гуманітарні науки та мистецтво,116,Київські полоністичні студії Polish Studies of Kyiv,Киїзський національний університет імені Тараса Шевченка,ВІ,139
15,Гуманітарні науки та мистецтво,117,Військово-науковий вісник,Національна академія сухопутних військ імені гетьмана Петра Сагайдачного,B9,139
15,Гуманітарні науки та мистецтво,118,Вісник Житомирського державного університету імені Івана Франка. Філологічні науки.,Житомирський державний університет імені Івана Франка,Bll,139
15,Гуманітарні науки та мистецтво,119,Літературознавчі студії Literary Studies,Київський національний університет імені Тараса Шевченка,Bll,139
15,Гуманітарні науки та мистецтво,120,Українознавчий альманах,Київський національний університет імені Тараса Шевченка,"B9, B10",139
15,Гуманітарні науки та мистецтво,121,Львівський філологічний часопис Lviv Philological Journal,Львівський державний університет безпеки життєдіяльності,Bll,139
15,Гуманітарні науки та мистецтво,122,Вісник Луганського національного університету імені Тараса Шевченка. Історичні науки Bulletin of Luhansk Taras Shevchenko National University. Historical Sciences,Державний заклад «Луганський національний університет імені Тараса Шевченка»,B9,139
15,Гуманітарні науки та мистецтво,123,Людинознавчі студії: збірник Дрогобицького наукових праць державного педагогічного університету імені Івана Франка. Серія «Філософія» Human Studies: A Collection of Research Papers of Drohobych Ivan Franko State Pedagogical University. Series of Philosophy,Дрогобицький державний педагогічний університет імені Івана Франка,B10,139
15,Гуманітарні науки та мистецтво,124,Рідне слово в етнокультурному вимірі Native Word in Ethnocultural Dimension,Дрогобицький державний педагогічний університет імені Івана Франка,ВІЇ,139
15,Гуманітарні науки та мистецтво,125,Шевченкознавчі студії Shevchenko Studies,Київський національний університет імені Тараса Шевченка,Bll,139
15,Гуманітарні науки та мистецтво,126,Південний архів (історичні науки) South Archive (Historical Sciences),Херсонський державний університет,B9,140
15,Гуманітарні науки та мистецтво,127,Науковий вісник Ужгородського університету. Серія: Історія Scientific Herald of Uzhhorod University. Series: History,Державний вищий навчальний заклад «Ужгородський національний університет»,"В9, B12",140
15,Гуманітарні науки та мистецтво,128,Пресознавство,Львівська національна наукова бібліотека України імені В. Стефаника,"В9, ВІ2",140
15,Гуманітарні науки та мистецтво,129,Науковий вісник Міжнародного гуманітарного університету. Серія: «Філологія» International Humanitarian University Herald. Philology,Міжнародний університет,Bll,140
15,Гуманітарні науки та мистецтво,130,Наукові збірки Львівської національної музичної академії імені М. В. Лисенка Scientific collections of the Lviv National Academy of Music named after M. V. Lysenko,Львівська національна музична академія імені М. В. Лисенка,В5,140
15,Гуманітарні науки та мистецтво,131,Перспективи. Соціально-політичний журнал Perspectives. Socio-political journal,Державний заклад «Південноукраїнський національний педагогічний університет імені К. Д. Ушинського»,"B9, B10",140
15,Гуманітарні науки та мистецтво,132,Народознавчі зошити The Ethnology Notebooks,"Інститут народознавства Національної академії наук України, співзасновник: Національна академія наук України","ВА, B9, B11, B12, ВІ, BS, B8, B2, Вб, B7, B10",140
15,Гуманітарні науки та мистецтво,133,Українська біографістика = Biographistica Ukrainica,Національна бібліотека України імені В. І. Вернадського,"BY, ВІЇ, ВІ2",140
15,Гуманітарні науки та мистецтво,134,Наукове пізнання: методологія та технологія Scientific Knowledge: Methodology and Technology,Державний заклад «Південноукраїнський національний педагогічний університет імені К. Д. Ушинського»,"В5, Вб, B10, B12",140
15,Гуманітарні науки та мистецтво,135,Studia Methodologica,"Тернопільський національний педагогічний університет імені Володимира Гнатюка, співзасновник: Університет імені Яна Кохановського в Кельце",Bll,141
15,Гуманітарні науки та мистецтво,136,Українське музикознавство,Національна музична академія України,"В5,В6",141
15,Гуманітарні науки та мистецтво,137,Вісник Житомирського державного університету імені Івана Франка. Філософські науки,Житомирський державний університет імені Івана Франка,"B7, B10",141
15,Гуманітарні науки та мистецтво,138,"Українська культура: минуле, сучасне, шляхи розвитку","Рівненський державний гуманітарний університет, співзасновник: Інститут культурології Національної академії мистецтв України","ВІ, В2, ВА, BS, B6, B12",141
15,Гуманітарні науки та мистецтво,139,Труди Київської Духовної Академії,Київська православна богословська академія,B8,141
15,Гуманітарні науки та мистецтво,140,Humanities Studies Гуманітарні дослідження,Запорізький національний університет,B10,141
15,Гуманітарні науки та мистецтво,141,Українські культурологічні студії Ukrainian cultural studies,Київський національний університет імені Тараса Шевченка,B12,141
15,Гуманітарні науки та мистецтво,142,Лінгвістика Linguistics,Державний заклад «Луганський = національний університет імені Тараса Шевченка»,B11,141
15,Гуманітарні науки та мистецтво,143,Науковий вісник Дрогобицького державного педагогічного університету імені Івана Франка. Серія: Філологічні науки (мовознавство) Research Journal ої Drohobych Ivan Franko State Pedagogical University. Series «Philology» (Linguistics),Дрогобицький державний педагогічний університет імені Івана Франка,Bll,141
15,Гуманітарні науки та мистецтво,144,Науковий вісник Херсонського університету. Серія державного «Германістика та міжкультурна комунікація» Scientific Bulletin of Kherson State University. Series «Germanic Studies and Intercultural Communication»,Херсонський державний університет,Bll,141
15,Гуманітарні науки та мистецтво,145,Вища освіта України Higher education of Ukraine,Український державний університет імені Михайла Драгоманова,B10,142
15,Гуманітарні науки та мистецтво,146,Науковий вісник Південноукраїнського національного педагогічного університету імені К. Д. Ушинського: Лінгвістичні науки Scientific Research Issues of South Ukrainian National Pedagogical University named after К. D. Ushynsky: Linguistic Sciences,Державний заклад «Південноукраїнський національний педагогічний університет імені К. Д. Ушинського»,ВІЇ,142
15,Гуманітарні науки та мистецтво,147,Прикарпатський вісник Наукового товариства імені Шевченка. Слово,"Івано-Франківський національний технічний університет нафтиі газу, співзасновники: Карпатський національний університет імені Василя Стефаника, Івано-Франківський осередок Наукового товариства ім. Шевченка",Bll,142
15,Гуманітарні науки та мистецтво,148,Вісник Луганського національного університету імені Тараса Шевченка. Філологічні науки Bulletin of Luhansk Taras Shevchenko National University. Philological Sciences,Державний заклад «Луганський національний університет імені Тараса Шевченка»,Bll,142
15,Гуманітарні науки та мистецтво,149,Науковий часопис Українського державного університету імені Михайла Драгоманова. Серія 9. Сучасні тенденції розвитку мов,Український державний університет імені Михайла Драгоманова,Bll,142
15,Гуманітарні науки та мистецтво,150,Історія науки і біографістика History of Science and Biographical Studies,Національна наукова сільськогосподарська бібліотека Національної академії аграрних наук України,B9,142
15,Гуманітарні науки та мистецтво,151,Історія та археологія,Центральноукраїнський державний університет імені Володимира Винниченка,B9,143
15,Гуманітарні науки та мистецтво,152,Науковий вісник Чернівецького національного університету імені Юрія Федьковича. Серія: германська філологія Germanic Philology Journal of Yuriy Fedkovych Chernivtsi National University,Чернівецький національний університет імені Юрія Федьковича,Bll,143
15,Гуманітарні науки та мистецтво,153,Уманська старовина,Уманський державний педагогічний університет імені Павла Тичини,B9,143
15,Гуманітарні науки та мистецтво,154,Освітній дискурс: збірник наукових праць Education discourse: collection of scientific papers,Український державний університет імені Михайла Драгоманова,"B7, B10",143
15,Гуманітарні науки та мистецтво,155,Українська полоністика,Житомирський державний університет імені Івана Франка,"B7, B10, B11",143
15,Гуманітарні науки та мистецтво,156,Сучасне мистецтво Contemporary Art Sztuka wspotczesna,Інститут проблем сучасного мистецтва Національної академії мистецтв України,"ВА, В5, Вб, B9, B11, B12",143
15,Гуманітарні науки та мистецтво,157,"Інтермарум: історія, політика, культура",Житомирський державний університет імені Івана Франка,"B9, B12",143
15,Гуманітарні науки та мистецтво,158,Вісник Маріупольського державного університету. Серія: Філологія Bulletin ої Mariupol State University. Series: Philology,Маріупольський державний університет,ВІ!,143
15,Гуманітарні науки та мистецтво,159,"Вісник Маріупольського державного університету. Серія: Філософія, культурологія, соціологія Bulletin ої Mariupol State University. Series: Philosophy, culture studies, sociology",Маріупольський державний університет,ВІ2,143
15,Гуманітарні науки та мистецтво,160,Сучасна філологія Modern Philology,Одеський національний морський університет,Bll,143
15,Гуманітарні науки та мистецтво,161,Вісник Львівської національної академії мистецтв,Львівська національна академія мистецтв,"В2, ВА, ВІ2",144
15,Гуманітарні науки та мистецтво,162,Часопис української історії Journal of Ukrainian History,Київський національний університет імені Тараса Шевченка,B9,144
15,Гуманітарні науки та мистецтво,163,Матеріали і дослідження з археології Прикарпаття і Волині Materials and studies on archaeology of Sub-Carpathian and Volhynian area,Інститут українознавства ім. І. Крип'якевича Національної академії наук України,"В9, ВІ2",144
15,Гуманітарні науки та мистецтво,164,Збірник наукових праць «Українська академія мистецтва»,Національна академія образотворчого мистецтва і архітектури,B4,144
15,Гуманітарні науки та мистецтво,165,Сучасна лінгвістика,Національний технічний університет України «Київський політехнічний інститут імені Ігоря Сікорського»,Bll,144
15,Гуманітарні науки та мистецтво,166,Консенсус CONSENSUS,Сумський державний педагогічний університет імені А. С. Макаренка,B9,144
15,Гуманітарні науки та мистецтво,167,Науковий вісник Чернівецького національного університету імені Юрія Федьковича. Історія History Journal of Yuriy Fedkovych Chernivtsi National University,Чернівецький національний університет імені Юрія Федьковича,B9,144
15,Гуманітарні науки та мистецтво,168,Наукові праці Міжрегіональної Академії управління персоналом. Філологія Scientific Works of Interregional Academy of Personnel Management. Philology,Приватне акціонерне товариство «Вищий навчальний заклад Міжрегіональна академія управління персоналом»,BI! B2,144
15,Гуманітарні науки та мистецтво,169,Вісник аграрної історії,Український державний університет імені Михайла Драгоманова,B9,144
15,Гуманітарні науки та мистецтво,170,Іван Огієнко і сучасна наука та освіта. Науковий збірник. Серія: історична філологічна та,Кам'янець-Подільський національний університет імені Івана Огієнка,"B11, В9",144
15,Гуманітарні науки та мистецтво,171,Народна творчість та етнологія Folk Art and Ethnology,"Інститут мистецтвознавства, фольклористики та етнології ім. М. Т. Рильського, співзасновник: Національна академія наук України","ВІ, B2, B4, BS, Вб, BY, ВІЇ, B12",145
15,Гуманітарні науки та мистецтво,172,Збірник наукових праць Харківського національного педагогічного університету імені Г.С. Сковороди Лінгвістичні дослідження,Харківський національний педагогічний університет імені Г. С. Сковороди,Bil,145
15,Гуманітарні науки та мистецтво,173,Музикознавча думка Дніпропетровщини,Комунальний заклад вищої освіти «Дніпровська академія музики» Дніпропетровської обласної ради»,В5,145
15,Гуманітарні науки та мистецтво,174,Мова. Література. Фольклор Language. Literature. Folklore,Запорізький національний університет,Bll,145
15,Гуманітарні науки та мистецтво,175,Дослідженняз історії i філософії науки і техніки Studies in history and philosophy of science and technology,Дніпровський національний університет імені Олеся Гончара,"B9, B10",145
15,Гуманітарні науки та мистецтво,176,Наукові записки Харківського національного педагогічного університету імені Г. С. Сковороди. «Літературознавство»,Харківський національний педагогічний університет імені Г. С. Сковороди,ВІЇ,145
15,Гуманітарні науки та мистецтво,177,Українське релігієзнавство Ukrainian Religious Studies,Громадська організація «Українська асоціація релігієзнавців»,"B7, В9, B10",145
15,Гуманітарні науки та мистецтво,178,Актуальні питання суспільних наук та історії медицини Current issues of Social Sciences and History of Medicine,"Буковинський державний медичний університет, співзасновник: Сучавський університет ім. «Штефана чел Маре» (Румунія)","В9, ВІЇ",145
15,Гуманітарні науки та мистецтво,179,Журнал Прикарпатського національного університету імені Василя Стефаника. Філологія Journal of Vasyl Stefanyk Precarpathian National University. Philology,Карпатський національний університет імені Василя Стефаника,Bll,145
15,Гуманітарні науки та мистецтво,180,Причорноморські філологічні студії Black Sea Philological Studies,Одеський національний морський університет,Bll,146
15,Гуманітарні науки та мистецтво,181,Міжнародні зв'язки України: наукові пошукиі знахідки,Інститут історії України Національної академії наук України,B9,146
15,Гуманітарні науки та мистецтво,182,Українська музика Ukrainian Music,Львівська національна музична академія імені М. В. Лисенка,В5,146
15,Гуманітарні науки та мистецтво,183,Слов'янський світ Slavic World,"Інститут мистецтвознавства, фольклористики та етнології ім. М. Т. Рильського Національної академії наук України, співзасновник: Національна академія наук України",Bll,146
15,Гуманітарні науки та мистецтво,184,Лоба/Докса,"Одеський національний університет імені I. І. Мечникова, співзасновник: Громадська організація «Одеська гуманітарна традиція»",B10,146
15,Гуманітарні науки та мистецтво,185,Вісник Одеського національного університету. Філологія Odesa National University Herald. Philology,Одеський національний університет імені I. I. Мечникова,Bll,146
15,Гуманітарні науки та мистецтво,186,Вісник Черкаського університету. Серія: Історичні науки Bulletin ої Cherkasy University. Historical Sciences,Черкаський національний університет імені Богдана Хмельницького,B9,146
15,Гуманітарні науки та мистецтво,187,"Науковий вісник Київського національного університету театру, кіно і телебачення імені І. К. Карпенка-Карого","Київський національний університет театру, кіно і телебачення імені І. К. Карпенка-Карого","ВІ, Вб, B12",146
15,Гуманітарні науки та мистецтво,188,Гуманітарні студії: історія та педагогіка,Західноукраїнський національний університет,B9,146
15,Гуманітарні науки та мистецтво,189,Україна Польща: історична - спадщина і суспільна свідомість Ukraine Poland: Historical - Heritage and Social Consciousness,Інститут українознавства ім. І. Крип'якевича Національної академії наук України,B9,147
15,Гуманітарні науки та мистецтво,190,Вчені записки Таврійського національного університету імені В. І. Вернадського. Серія: Історичні науки Scientific Notes of Taurida National V. I. Vernadsky University. Series: Historical Sciences,Таврійський національний університет імені В. I. Вернадського,B9,147
15,Гуманітарні науки та мистецтво,191,Воєнно-історичний вісник Military Historical Bulletin,Національний університет оборони України,B9,147
15,Гуманітарні науки та мистецтво,192,Вісник Київського національного університету імені Тараса Шевченка. Філософія Bulletin of Taras Shevchenko National University of Kyiv. Philosophy,Київський національний університет імені Тараса Шевченка,B10,147
15,Гуманітарні науки та мистецтво,193,Вісник Львівського університету. Серія Історична Visnyk ої the Lviv University. Series History,Львівський національний університет імені Івана Франка,B9,147
15,Гуманітарні науки та мистецтво,194,Актуальні питання гуманітарних наук Current Issues of the Humanities,Дрогобицький державний педагогічний університет імені Івана Франка,"B9, В5, B11",147
15,Гуманітарні науки та мистецтво,195,Вчені записки Таврійського національного університету імені В. І. Вернадського. Серія: Філологія. Журналістика Scientific Notes ої Taurida National V. I. Vernadsky University. Series: Philology. Journalism,Таврійський національний університет імені В. I. Вернадського,Bll,147
15,Гуманітарні науки та мистецтво,196,Софія. Гуманітарно-релігієзнавчий вісник Sophia. Human and Religious Studies Bulletin,Київський національний університет імені Тараса Шевченка,"B7, B10",148
15,Гуманітарні науки та мистецтво,197,"Наукові записки Національного університету «Острозька академія»: серія «Історичні науки» Scientific Notes of Ostroh Academy National University, Historical Sciences Series",Національний університет «Острозька академія»,B9,148
15,Гуманітарні науки та мистецтво,198,Вісник Львівського університету. Серія філософські науки Visnyk of the Lviv University. Series Philosophical Science,Львівський національний університет імені Івана Франка,B10,148
15,Гуманітарні науки та мистецтво,199,"Наукові зошити історичного факультету Львівського університету ""Proceeding of the Faculty of History at Lviv University""",Львівський національний університет імені Івана Франка,B9,148
15,Гуманітарні науки та мистецтво,200,Проблеми етномузикології,Національна музична академія України,BS,148
15,Гуманітарні науки та мистецтво,201,Українська література: історичний досвід і перспективи,Вінницький державний педагогічний університет імені Михайла Коцюбинського,Bll,148
15,Гуманітарні науки та мистецтво,202,Література та культура Полісся,Ніжинський державний університет імені Миколи Гоголя,ВІЇ,148
15,Гуманітарні науки та мистецтво,203,Українське літературознавство Ukrainian Literary Studies,Львівський національний університет імені Івана Франка,Bll,148
15,Гуманітарні науки та мистецтво,204,Гуманітарний вісник Humanitarian Bulletin,Черкаський державний технологічний університет,"В2, B9, B10",148
15,Гуманітарні науки та мистецтво,205,"Наукові записки Вінницького державного педагогічного університету імені Михайла Коцюбинського. Серія: Філологія (мовознавство) / ""Scientific Notes of Vinnytsia Mykhailo Kotsiubynskyi State Pedagogical"" University. Series: Philology (Linguistics)",Вінницький державний педагогічний університет імені Михайла Коцюбинського,Bll,149
15,Гуманітарні науки та мистецтво,206,Філологічний часопис,Уманський державний педагогічний університет імені Павла Тичини,ВІЇ,149
15,Гуманітарні науки та мистецтво,207,Мовознавство Movoznavstvo,"Інститут мовознавства ім O. О. Потебні Національної академії наук України, співзасновники: Національна академія наук України, Український мовно-інформаційний фонд Національної академії наук України",ВІЇ,149
15,Гуманітарні науки та мистецтво,208,Археологія і давня історія України Archaeology and Early History ої Ukraine,Інститут археології Національної академії наук України,"В4, В9, В12",149
15,Гуманітарні науки та мистецтво,209,Наукові праці Кам'янець-Подільського національного університету імені Івана Огієнка. Історичні науки,Кам'янець-Подільський національний університет імені Івана Огієнка,B9,149
15,Гуманітарні науки та мистецтво,210,Етнічна історія народів Європи Ethnic History of European Nations,Київський національний університет імені Тараса Шевченка,B9,149
15,Гуманітарні науки та мистецтво,211,Волинь філологічна: текст і контекст,Волинський національний університет імені Лесі Українки,ВІ,149
15,Гуманітарні науки та мистецтво,212,Закарпатські філологічні студії Transcarpathian Philological Studies,Державний вищий навчальний заклад «Ужгородський національний університет»,Bll,149
15,Гуманітарні науки та мистецтво,213,Культура слова Culture of the word,"Інститут української мови Національної академії наук України, співзасновник: Національна академія наук України",Bll,150
15,Гуманітарні науки та мистецтво,214,Українська лінгвістична медієвістика,Інститут української мови Національної академії наук України,Bll,150
15,Гуманітарні науки та мистецтво,215,Музичне мистецтво і культура. Науковий вісник ОНМА імені A. В. Нежданової Music Art and Culture. Scientific Bulletin of Odessa National A. V. Nezhdanova Academy of Music,Одеська національна музична академія імені A. В. Нежданової,B5,150
15,Гуманітарні науки та мистецтво,216,"Українське мистецтвознавство: матеріали, дослідження, рецензії Ukrainian Art Studies: Materials, Investigations, Reviews","Інститут мистецтвознавства, фольклористики та етнології ім. М. Т. Рильського Національної академії наук України","ВІ, B2, B4, BS, B6, Ві2",150
15,Гуманітарні науки та мистецтво,217,АРТПРОСТІР ARTSPACE,Київський столичний університет імені Бориса Грінченка,B4,150
15,Гуманітарні науки та мистецтво,218,Сторінки воєнної історії України Pages of military history of Ukraine,Інститут історії України Національної академії наук України,B9,150
15,Гуманітарні науки та мистецтво,219,Наукові записки. Серія: Педагогічні науки,"Комунальний заклад вищої освіти «Академія культури і мистецтв» Закерпатської обласної ради, співзасновник: Закарпатський угорський університет ім. Ференца Ракоці П","BS, B6, B10, B12",150
15,Гуманітарні науки та мистецтво,220,Науковий вісник Ужгородського університету. Серія: Філологія Scientific Bulletin of Uzhhorod National University. Series Philology,Державний вищий навчальний заклад «Ужгородський національний університет»,Bll,150
15,Гуманітарні науки та мистецтво,221,Український смисл Ukrainian Sense,Дніпровський національний університет імені Олеся Гончара,"B2, B11",151
15,Гуманітарні науки та мистецтво,222,Матеріали до української етнології Materials to Ukrainian Ethnology,"Інститут мистецтвознавства, фольклористики та етнології ім. М. Т. Рильського Національної академії наук України",B9,151
